"hs_id","hs_path","hs_created_at","hs_name","hs_child_table_id","hs_updated_at","service_location_name","meta_title","meta_description","hero_heading","hero_body","faq_body","google_map_embed","service_name","location_name"
"212391109475","roof-replacement-myrtle-beach","2026-05-06 19:22:35","Roof Replacement in Myrtle Beach","0","2026-05-08 16:20:34","Roof Replacement in Myrtle Beach","Roof Replacement in Myrtle Beach, SC | Linta Roofing","Linta Roofing provides roof replacement in Myrtle Beach, South Carolina. Licensed, insured, and built for coastal Carolina conditions — get a free estimate today.","Roof Replacement in Myrtle Beach, SC","<p>Roof Replacement in Myrtle Beach requires more than standard expertise. Linta Roofing's local team understands the specific challenges Myrtle Beach homes face — from coastal weather to neighborhood-specific architecture — and completes most roof replacements within one to three days. From the first inspection to the final cleanup, every project is built to last.</p>","<h3>How long does roof replacement take in Myrtle Beach?</h3><p>Linta Roofing typically completes most roof replacements within one to three days. We'll confirm exact timing during your free inspection.</p><h3>Are you licensed in South Carolina?</h3><p>Yes. Linta Roofing is fully licensed and insured to operate in South Carolina.</p><h3>Do you handle insurance claims in Myrtle Beach?</h3><p>Yes — we work directly with insurance carriers and adjusters to document and restore covered damage.</p>","<iframe src=""https://maps.google.com/maps?q=Myrtle+Beach%2C+SC&z=12&output=embed"" width=""100%"" height=""450"" style=""border:0;"" allowfullscreen="""" loading=""lazy"" referrerpolicy=""no-referrer-when-downgrade"" title=""Map of Myrtle Beach, SC""></iframe>","Roof Replacement","Myrtle Beach"
"212391109476","roof-replacement-surfside-beach","2026-05-06 19:22:35","Roof Replacement in Surfside Beach","0","2026-05-08 16:20:34","Roof Replacement in Surfside Beach","Roof Replacement in Surfside Beach, SC | Linta Roofing","Linta Roofing provides roof replacement in Surfside Beach, South Carolina. Licensed, insured, and built for coastal Carolina conditions — get a free estimate today.","Roof Replacement in Surfside Beach, SC","<p>Roof Replacement in Surfside Beach requires more than standard expertise. Linta Roofing's local team understands the specific challenges Surfside Beach homes face — from coastal weather to neighborhood-specific architecture — and completes most roof replacements within one to three days. From the first inspection to the final cleanup, every project is built to last.</p>","<h3>How long does roof replacement take in Surfside Beach?</h3><p>Linta Roofing typically completes most roof replacements within one to three days. We'll confirm exact timing during your free inspection.</p><h3>Are you licensed in South Carolina?</h3><p>Yes. Linta Roofing is fully licensed and insured to operate in South Carolina.</p><h3>Do you handle insurance claims in Surfside Beach?</h3><p>Yes — we work directly with insurance carriers and adjusters to document and restore covered damage.</p>","<iframe src=""https://maps.google.com/maps?q=Surfside+Beach%2C+SC&z=12&output=embed"" width=""100%"" height=""450"" style=""border:0;"" allowfullscreen="""" loading=""lazy"" referrerpolicy=""no-referrer-when-downgrade"" title=""Map of Surfside Beach, SC""></iframe>","Roof Replacement","Surfside Beach"
"212391109477","roof-replacement-murrells-inlet","2026-05-06 19:22:35","Roof Replacement in Murrells Inlet","0","2026-05-08 18:47:26","Roof Replacement in Murrells Inlet","Roof Replacement in Murrells Inlet, SC | Linta Roofing","Linta Roofing provides roof replacement in Murrells Inlet, South Carolina. Licensed, insured, and built for coastal Carolina conditions — get a free estimate today.","Roof Replacement in Murrells Inlet, SC","<p>Roof Replacement in Murrells Inlet requires more than standard expertise. Linta Roofing's local team understands the specific challenges Murrells Inlet homes face — from coastal weather to neighborhood-specific architecture — and completes most roof replacements within one to three days. From the first inspection to the final cleanup, every project is built to last.</p>","<h3>How long does roof replacement take in Murrells Inlet?</h3><p>Linta Roofing typically completes most roof replacements within one to three days. We'll confirm exact timing during your free inspection.</p><h3>Are you licensed in South Carolina?</h3><p>Yes. Linta Roofing is fully licensed and insured to operate in South Carolina.</p><h3>Do you handle insurance claims in Murrells Inlet?</h3><p>Yes — we work directly with insurance carriers and adjusters to document and restore covered damage.</p>","<iframe src=""https://maps.google.com/maps?q=Murrells+Inlet%2C+SC&z=12&output=embed"" width=""100%"" height=""450"" style=""border:0;"" allowfullscreen="""" loading=""lazy"" referrerpolicy=""no-referrer-when-downgrade"" title=""Map of Murrells Inlet, SC""></iframe>","Roof Replacement","Murrells Inlet"
"212391109478","roof-replacement-carolina-forest","2026-05-06 19:22:35","Roof Replacement in Carolina Forest","0","2026-05-08 16:20:34","Roof Replacement in Carolina Forest","Roof Replacement in Carolina Forest, SC | Linta Roofing","Linta Roofing provides roof replacement in Carolina Forest, South Carolina. Licensed, insured, and built for coastal Carolina conditions — get a free estimate today.","Roof Replacement in Carolina Forest, SC","<p>Roof Replacement in Carolina Forest requires more than standard expertise. Linta Roofing's local team understands the specific challenges Carolina Forest homes face — from coastal weather to neighborhood-specific architecture — and completes most roof replacements within one to three days. From the first inspection to the final cleanup, every project is built to last.</p>","<h3>How long does roof replacement take in Carolina Forest?</h3><p>Linta Roofing typically completes most roof replacements within one to three days. We'll confirm exact timing during your free inspection.</p><h3>Are you licensed in South Carolina?</h3><p>Yes. Linta Roofing is fully licensed and insured to operate in South Carolina.</p><h3>Do you handle insurance claims in Carolina Forest?</h3><p>Yes — we work directly with insurance carriers and adjusters to document and restore covered damage.</p>","<iframe src=""https://maps.google.com/maps?q=Carolina+Forest%2C+SC&z=12&output=embed"" width=""100%"" height=""450"" style=""border:0;"" allowfullscreen="""" loading=""lazy"" referrerpolicy=""no-referrer-when-downgrade"" title=""Map of Carolina Forest, SC""></iframe>","Roof Replacement","Carolina Forest"
"212391109479","roof-replacement-conway","2026-05-06 19:22:35","Roof Replacement in Conway","0","2026-05-08 16:20:34","Roof Replacement in Conway","Roof Replacement in Conway, SC | Linta Roofing","Linta Roofing provides roof replacement in Conway, South Carolina. Licensed, insured, and built for coastal Carolina conditions — get a free estimate today.","Roof Replacement in Conway, SC","<p>Roof Replacement in Conway requires more than standard expertise. Linta Roofing's local team understands the specific challenges Conway homes face — from coastal weather to neighborhood-specific architecture — and completes most roof replacements within one to three days. From the first inspection to the final cleanup, every project is built to last.</p>","<h3>How long does roof replacement take in Conway?</h3><p>Linta Roofing typically completes most roof replacements within one to three days. We'll confirm exact timing during your free inspection.</p><h3>Are you licensed in South Carolina?</h3><p>Yes. Linta Roofing is fully licensed and insured to operate in South Carolina.</p><h3>Do you handle insurance claims in Conway?</h3><p>Yes — we work directly with insurance carriers and adjusters to document and restore covered damage.</p>","<iframe src=""https://maps.google.com/maps?q=Conway%2C+SC&z=12&output=embed"" width=""100%"" height=""450"" style=""border:0;"" allowfullscreen="""" loading=""lazy"" referrerpolicy=""no-referrer-when-downgrade"" title=""Map of Conway, SC""></iframe>","Roof Replacement","Conway"
"212391109480","roof-replacement-north-myrtle-beach","2026-05-06 19:22:35","Roof Replacement in North Myrtle Beach","0","2026-05-08 16:20:34","Roof Replacement in North Myrtle Beach","Roof Replacement in North Myrtle Beach, SC | Linta Roofing","Linta Roofing provides roof replacement in North Myrtle Beach, South Carolina. Licensed, insured, and built for coastal Carolina conditions — get a free estimate today.","Roof Replacement in North Myrtle Beach, SC","<p>Roof Replacement in North Myrtle Beach requires more than standard expertise. Linta Roofing's local team understands the specific challenges North Myrtle Beach homes face — from coastal weather to neighborhood-specific architecture — and completes most roof replacements within one to three days. From the first inspection to the final cleanup, every project is built to last.</p>","<h3>How long does roof replacement take in North Myrtle Beach?</h3><p>Linta Roofing typically completes most roof replacements within one to three days. We'll confirm exact timing during your free inspection.</p><h3>Are you licensed in South Carolina?</h3><p>Yes. Linta Roofing is fully licensed and insured to operate in South Carolina.</p><h3>Do you handle insurance claims in North Myrtle Beach?</h3><p>Yes — we work directly with insurance carriers and adjusters to document and restore covered damage.</p>","<iframe src=""https://maps.google.com/maps?q=North+Myrtle+Beach%2C+SC&z=12&output=embed"" width=""100%"" height=""450"" style=""border:0;"" allowfullscreen="""" loading=""lazy"" referrerpolicy=""no-referrer-when-downgrade"" title=""Map of North Myrtle Beach, SC""></iframe>","Roof Replacement","North Myrtle Beach"
"212391109481","roof-replacement-little-river","2026-05-06 19:22:35","Roof Replacement in Little River","0","2026-05-08 16:20:34","Roof Replacement in Little River","Roof Replacement in Little River, SC | Linta Roofing","Linta Roofing provides roof replacement in Little River, South Carolina. Licensed, insured, and built for coastal Carolina conditions — get a free estimate today.","Roof Replacement in Little River, SC","<p>Roof Replacement in Little River requires more than standard expertise. Linta Roofing's local team understands the specific challenges Little River homes face — from coastal weather to neighborhood-specific architecture — and completes most roof replacements within one to three days. From the first inspection to the final cleanup, every project is built to last.</p>","<h3>How long does roof replacement take in Little River?</h3><p>Linta Roofing typically completes most roof replacements within one to three days. We'll confirm exact timing during your free inspection.</p><h3>Are you licensed in South Carolina?</h3><p>Yes. Linta Roofing is fully licensed and insured to operate in South Carolina.</p><h3>Do you handle insurance claims in Little River?</h3><p>Yes — we work directly with insurance carriers and adjusters to document and restore covered damage.</p>","<iframe src=""https://maps.google.com/maps?q=Little+River%2C+SC&z=12&output=embed"" width=""100%"" height=""450"" style=""border:0;"" allowfullscreen="""" loading=""lazy"" referrerpolicy=""no-referrer-when-downgrade"" title=""Map of Little River, SC""></iframe>","Roof Replacement","Little River"
"212391109482","roof-replacement-ocean-isle-beach","2026-05-06 19:22:35","Roof Replacement in Ocean Isle Beach","0","2026-05-08 16:20:34","Roof Replacement in Ocean Isle Beach","Roof Replacement in Ocean Isle Beach, NC | Linta Roofing","Linta Roofing provides roof replacement in Ocean Isle Beach, North Carolina. Licensed, insured, and built for coastal Carolina conditions — get a free estimate today.","Roof Replacement in Ocean Isle Beach, NC","<p>Roof Replacement in Ocean Isle Beach requires more than standard expertise. Linta Roofing's local team understands the specific challenges Ocean Isle Beach homes face — from coastal weather to neighborhood-specific architecture — and completes most roof replacements within one to three days. From the first inspection to the final cleanup, every project is built to last.</p>","<h3>How long does roof replacement take in Ocean Isle Beach?</h3><p>Linta Roofing typically completes most roof replacements within one to three days. We'll confirm exact timing during your free inspection.</p><h3>Are you licensed in North Carolina?</h3><p>Yes. Linta Roofing is fully licensed and insured to operate in North Carolina.</p><h3>Do you handle insurance claims in Ocean Isle Beach?</h3><p>Yes — we work directly with insurance carriers and adjusters to document and restore covered damage.</p>","<iframe src=""https://maps.google.com/maps?q=Ocean+Isle+Beach%2C+NC&z=12&output=embed"" width=""100%"" height=""450"" style=""border:0;"" allowfullscreen="""" loading=""lazy"" referrerpolicy=""no-referrer-when-downgrade"" title=""Map of Ocean Isle Beach, NC""></iframe>","Roof Replacement","Ocean Isle Beach"
"212391109483","roof-replacement-holden-beach","2026-05-06 19:22:35","Roof Replacement in Holden Beach","0","2026-05-08 16:20:34","Roof Replacement in Holden Beach","Roof Replacement in Holden Beach, NC | Linta Roofing","Linta Roofing provides roof replacement in Holden Beach, North Carolina. Licensed, insured, and built for coastal Carolina conditions — get a free estimate today.","Roof Replacement in Holden Beach, NC","<p>Roof Replacement in Holden Beach requires more than standard expertise. Linta Roofing's local team understands the specific challenges Holden Beach homes face — from coastal weather to neighborhood-specific architecture — and completes most roof replacements within one to three days. From the first inspection to the final cleanup, every project is built to last.</p>","<h3>How long does roof replacement take in Holden Beach?</h3><p>Linta Roofing typically completes most roof replacements within one to three days. We'll confirm exact timing during your free inspection.</p><h3>Are you licensed in North Carolina?</h3><p>Yes. Linta Roofing is fully licensed and insured to operate in North Carolina.</p><h3>Do you handle insurance claims in Holden Beach?</h3><p>Yes — we work directly with insurance carriers and adjusters to document and restore covered damage.</p>","<iframe src=""https://maps.google.com/maps?q=Holden+Beach%2C+NC&z=12&output=embed"" width=""100%"" height=""450"" style=""border:0;"" allowfullscreen="""" loading=""lazy"" referrerpolicy=""no-referrer-when-downgrade"" title=""Map of Holden Beach, NC""></iframe>","Roof Replacement","Holden Beach"
"212391109484","roof-replacement-sunset-beach","2026-05-06 19:22:35","Roof Replacement in Sunset Beach","0","2026-05-08 16:20:34","Roof Replacement in Sunset Beach","Roof Replacement in Sunset Beach, NC | Linta Roofing","Linta Roofing provides roof replacement in Sunset Beach, North Carolina. Licensed, insured, and built for coastal Carolina conditions — get a free estimate today.","Roof Replacement in Sunset Beach, NC","<p>Roof Replacement in Sunset Beach requires more than standard expertise. Linta Roofing's local team understands the specific challenges Sunset Beach homes face — from coastal weather to neighborhood-specific architecture — and completes most roof replacements within one to three days. From the first inspection to the final cleanup, every project is built to last.</p>","<h3>How long does roof replacement take in Sunset Beach?</h3><p>Linta Roofing typically completes most roof replacements within one to three days. We'll confirm exact timing during your free inspection.</p><h3>Are you licensed in North Carolina?</h3><p>Yes. Linta Roofing is fully licensed and insured to operate in North Carolina.</p><h3>Do you handle insurance claims in Sunset Beach?</h3><p>Yes — we work directly with insurance carriers and adjusters to document and restore covered damage.</p>","<iframe src=""https://maps.google.com/maps?q=Sunset+Beach%2C+NC&z=12&output=embed"" width=""100%"" height=""450"" style=""border:0;"" allowfullscreen="""" loading=""lazy"" referrerpolicy=""no-referrer-when-downgrade"" title=""Map of Sunset Beach, NC""></iframe>","Roof Replacement","Sunset Beach"
"212391109485","roof-replacement-oak-island","2026-05-06 19:22:35","Roof Replacement in Oak Island","0","2026-05-08 19:36:09","Roof Replacement in Oak Island","Roof Replacement in Oak Island, NC | Linta Roofing","Linta Roofing provides roof replacement in Oak Island, North Carolina. Licensed, insured, and built for coastal Carolina conditions — get a free estimate today.","Roof Replacement in Oak Island, SC","<p>Roof Replacement in Oak Island requires more than standard expertise. Linta Roofing's local team understands the specific challenges Oak Island homes face — from coastal weather to neighborhood-specific architecture — and completes most roof replacements within one to three days. From the first inspection to the final cleanup, every project is built to last.</p>","<h3>How long does roof replacement take in Oak Island?</h3><p>Linta Roofing typically completes most roof replacements within one to three days. We'll confirm exact timing during your free inspection.</p><h3>Are you licensed in North Carolina?</h3><p>Yes. Linta Roofing is fully licensed and insured to operate in North Carolina.</p><h3>Do you handle insurance claims in Oak Island?</h3><p>Yes — we work directly with insurance carriers and adjusters to document and restore covered damage.</p>","<iframe src=""https://maps.google.com/maps?q=Oak+Island%2C+NC&z=12&output=embed"" width=""100%"" height=""450"" style=""border:0;"" allowfullscreen="""" loading=""lazy"" referrerpolicy=""no-referrer-when-downgrade"" title=""Map of Oak Island, NC""></iframe>","Roof Replacement","Oak Island"
"212391109486","roof-replacement-caswell-beach","2026-05-06 19:22:35","Roof Replacement in Caswell Beach","0","2026-05-08 16:20:34","Roof Replacement in Caswell Beach","Roof Replacement in Caswell Beach, NC | Linta Roofing","Linta Roofing provides roof replacement in Caswell Beach, North Carolina. Licensed, insured, and built for coastal Carolina conditions — get a free estimate today.","Roof Replacement in Caswell Beach, NC","<p>Roof Replacement in Caswell Beach requires more than standard expertise. Linta Roofing's local team understands the specific challenges Caswell Beach homes face — from coastal weather to neighborhood-specific architecture — and completes most roof replacements within one to three days. From the first inspection to the final cleanup, every project is built to last.</p>","<h3>How long does roof replacement take in Caswell Beach?</h3><p>Linta Roofing typically completes most roof replacements within one to three days. We'll confirm exact timing during your free inspection.</p><h3>Are you licensed in North Carolina?</h3><p>Yes. Linta Roofing is fully licensed and insured to operate in North Carolina.</p><h3>Do you handle insurance claims in Caswell Beach?</h3><p>Yes — we work directly with insurance carriers and adjusters to document and restore covered damage.</p>","<iframe src=""https://maps.google.com/maps?q=Caswell+Beach%2C+NC&z=12&output=embed"" width=""100%"" height=""450"" style=""border:0;"" allowfullscreen="""" loading=""lazy"" referrerpolicy=""no-referrer-when-downgrade"" title=""Map of Caswell Beach, NC""></iframe>","Roof Replacement","Caswell Beach"
"212391109487","roof-replacement-long-beach","2026-05-06 19:22:35","Roof Replacement in Long Beach","0","2026-05-08 16:20:34","Roof Replacement in Long Beach","Roof Replacement in Long Beach, NC | Linta Roofing","Linta Roofing provides roof replacement in Long Beach, North Carolina. Licensed, insured, and built for coastal Carolina conditions — get a free estimate today.","Roof Replacement in Long Beach, NC","<p>Roof Replacement in Long Beach requires more than standard expertise. Linta Roofing's local team understands the specific challenges Long Beach homes face — from coastal weather to neighborhood-specific architecture — and completes most roof replacements within one to three days. From the first inspection to the final cleanup, every project is built to last.</p>","<h3>How long does roof replacement take in Long Beach?</h3><p>Linta Roofing typically completes most roof replacements within one to three days. We'll confirm exact timing during your free inspection.</p><h3>Are you licensed in North Carolina?</h3><p>Yes. Linta Roofing is fully licensed and insured to operate in North Carolina.</p><h3>Do you handle insurance claims in Long Beach?</h3><p>Yes — we work directly with insurance carriers and adjusters to document and restore covered damage.</p>","<iframe src=""https://maps.google.com/maps?q=Long+Beach%2C+NC&z=12&output=embed"" width=""100%"" height=""450"" style=""border:0;"" allowfullscreen="""" loading=""lazy"" referrerpolicy=""no-referrer-when-downgrade"" title=""Map of Long Beach, NC""></iframe>","Roof Replacement","Long Beach"
"212391109488","roof-replacement-brunswick-county","2026-05-06 19:22:35","Roof Replacement in Brunswick County","0","2026-05-08 16:20:34","Roof Replacement in Brunswick County","Roof Replacement in Brunswick County, NC | Linta Roofing","Linta Roofing provides roof replacement across Brunswick County, North Carolina. Licensed, insured, and built for coastal Carolina conditions — get a free estimate today.","Roof Replacement in Brunswick County, NC","<p>Roof Replacement across Brunswick County demands more than a one-size-fits-all approach. Linta Roofing's local team understands the range of homes and weather conditions across the county — from inland properties to oceanfront communities — and completes most roof replacements within one to three days. From the first inspection to the final cleanup, every project is built to last.</p>","<h3>How long does roof replacement take in Brunswick County?</h3><p>Linta Roofing typically completes most roof replacements within one to three days. We'll confirm exact timing during your free inspection.</p><h3>Are you licensed in North Carolina?</h3><p>Yes. Linta Roofing is fully licensed and insured to operate in North Carolina.</p><h3>Do you handle insurance claims in Brunswick County?</h3><p>Yes — we work directly with insurance carriers and adjusters to document and restore covered damage.</p>","<iframe src=""https://maps.google.com/maps?q=Brunswick+County%2C+NC&z=10&output=embed"" width=""100%"" height=""450"" style=""border:0;"" allowfullscreen="""" loading=""lazy"" referrerpolicy=""no-referrer-when-downgrade"" title=""Map of Brunswick County, NC""></iframe>","Roof Replacement","Brunswick County"
"212391109489","roof-replacement-columbus-county","2026-05-06 19:22:35","Roof Replacement in Columbus County","0","2026-05-08 16:20:34","Roof Replacement in Columbus County","Roof Replacement in Columbus County, NC | Linta Roofing","Linta Roofing provides roof replacement across Columbus County, North Carolina. Licensed, insured, and built for coastal Carolina conditions — get a free estimate today.","Roof Replacement in Columbus County, NC","<p>Roof Replacement across Columbus County demands more than a one-size-fits-all approach. Linta Roofing's local team understands the range of homes and weather conditions across the county — from inland properties to oceanfront communities — and completes most roof replacements within one to three days. From the first inspection to the final cleanup, every project is built to last.</p>","<h3>How long does roof replacement take in Columbus County?</h3><p>Linta Roofing typically completes most roof replacements within one to three days. We'll confirm exact timing during your free inspection.</p><h3>Are you licensed in North Carolina?</h3><p>Yes. Linta Roofing is fully licensed and insured to operate in North Carolina.</p><h3>Do you handle insurance claims in Columbus County?</h3><p>Yes — we work directly with insurance carriers and adjusters to document and restore covered damage.</p>","<iframe src=""https://maps.google.com/maps?q=Columbus+County%2C+NC&z=10&output=embed"" width=""100%"" height=""450"" style=""border:0;"" allowfullscreen="""" loading=""lazy"" referrerpolicy=""no-referrer-when-downgrade"" title=""Map of Columbus County, NC""></iframe>","Roof Replacement","Columbus County"
"212391109490","roof-replacement-georgetown-county","2026-05-06 19:22:35","Roof Replacement in Georgetown County","0","2026-05-08 16:20:34","Roof Replacement in Georgetown County","Roof Replacement in Georgetown County, SC | Linta Roofing","Linta Roofing provides roof replacement across Georgetown County, South Carolina. Licensed, insured, and built for coastal Carolina conditions — get a free estimate today.","Roof Replacement in Georgetown County, SC","<p>Roof Replacement across Georgetown County demands more than a one-size-fits-all approach. Linta Roofing's local team understands the range of homes and weather conditions across the county — from inland properties to oceanfront communities — and completes most roof replacements within one to three days. From the first inspection to the final cleanup, every project is built to last.</p>","<h3>How long does roof replacement take in Georgetown County?</h3><p>Linta Roofing typically completes most roof replacements within one to three days. We'll confirm exact timing during your free inspection.</p><h3>Are you licensed in South Carolina?</h3><p>Yes. Linta Roofing is fully licensed and insured to operate in South Carolina.</p><h3>Do you handle insurance claims in Georgetown County?</h3><p>Yes — we work directly with insurance carriers and adjusters to document and restore covered damage.</p>","<iframe src=""https://maps.google.com/maps?q=Georgetown+County%2C+SC&z=10&output=embed"" width=""100%"" height=""450"" style=""border:0;"" allowfullscreen="""" loading=""lazy"" referrerpolicy=""no-referrer-when-downgrade"" title=""Map of Georgetown County, SC""></iframe>","Roof Replacement","Georgetown County"
"212391109491","roof-replacement-georgetown","2026-05-06 19:22:35","Roof Replacement in Georgetown","0","2026-05-08 16:20:34","Roof Replacement in Georgetown","Roof Replacement in Georgetown, SC | Linta Roofing","Linta Roofing provides roof replacement in Georgetown, South Carolina. Licensed, insured, and built for coastal Carolina conditions — get a free estimate today.","Roof Replacement in Georgetown, SC","<p>Roof Replacement in Georgetown requires more than standard expertise. Linta Roofing's local team understands the specific challenges Georgetown homes face — from coastal weather to neighborhood-specific architecture — and completes most roof replacements within one to three days. From the first inspection to the final cleanup, every project is built to last.</p>","<h3>How long does roof replacement take in Georgetown?</h3><p>Linta Roofing typically completes most roof replacements within one to three days. We'll confirm exact timing during your free inspection.</p><h3>Are you licensed in South Carolina?</h3><p>Yes. Linta Roofing is fully licensed and insured to operate in South Carolina.</p><h3>Do you handle insurance claims in Georgetown?</h3><p>Yes — we work directly with insurance carriers and adjusters to document and restore covered damage.</p>","<iframe src=""https://maps.google.com/maps?q=Georgetown%2C+SC&z=12&output=embed"" width=""100%"" height=""450"" style=""border:0;"" allowfullscreen="""" loading=""lazy"" referrerpolicy=""no-referrer-when-downgrade"" title=""Map of Georgetown, SC""></iframe>","Roof Replacement","Georgetown"
"212391109492","roof-replacement-marion-county","2026-05-06 19:22:35","Roof Replacement in Marion County","0","2026-05-08 16:20:34","Roof Replacement in Marion County","Roof Replacement in Marion County, SC | Linta Roofing","Linta Roofing provides roof replacement across Marion County, South Carolina. Licensed, insured, and built for coastal Carolina conditions — get a free estimate today.","Roof Replacement in Marion County, SC","<p>Roof Replacement across Marion County demands more than a one-size-fits-all approach. Linta Roofing's local team understands the range of homes and weather conditions across the county — from inland properties to oceanfront communities — and completes most roof replacements within one to three days. From the first inspection to the final cleanup, every project is built to last.</p>","<h3>How long does roof replacement take in Marion County?</h3><p>Linta Roofing typically completes most roof replacements within one to three days. We'll confirm exact timing during your free inspection.</p><h3>Are you licensed in South Carolina?</h3><p>Yes. Linta Roofing is fully licensed and insured to operate in South Carolina.</p><h3>Do you handle insurance claims in Marion County?</h3><p>Yes — we work directly with insurance carriers and adjusters to document and restore covered damage.</p>","<iframe src=""https://maps.google.com/maps?q=Marion+County%2C+SC&z=10&output=embed"" width=""100%"" height=""450"" style=""border:0;"" allowfullscreen="""" loading=""lazy"" referrerpolicy=""no-referrer-when-downgrade"" title=""Map of Marion County, SC""></iframe>","Roof Replacement","Marion County"
"212391109493","roof-repair-myrtle-beach","2026-05-06 19:22:35","Roof Repair in Myrtle Beach","0","2026-05-08 16:20:34","Roof Repair in Myrtle Beach","Roof Repair in Myrtle Beach, SC | Linta Roofing","Linta Roofing provides roof repair in Myrtle Beach, South Carolina. Licensed, insured, and built for coastal Carolina conditions — get a free estimate today.","Roof Repair in Myrtle Beach, SC","<p>Roof Repair in Myrtle Beach requires more than standard expertise. Linta Roofing's local team understands the specific challenges Myrtle Beach homes face — from coastal weather to neighborhood-specific architecture — and responds to active leaks within the same week. From the first inspection to the final cleanup, every project is built to last.</p>","<h3>How long does roof repair take in Myrtle Beach?</h3><p>Linta Roofing typically responds to active leaks within the same week. We'll confirm exact timing during your free inspection.</p><h3>Are you licensed in South Carolina?</h3><p>Yes. Linta Roofing is fully licensed and insured to operate in South Carolina.</p><h3>Do you handle insurance claims in Myrtle Beach?</h3><p>Yes — we work directly with insurance carriers and adjusters to document and restore covered damage.</p>","<iframe src=""https://maps.google.com/maps?q=Myrtle+Beach%2C+SC&z=12&output=embed"" width=""100%"" height=""450"" style=""border:0;"" allowfullscreen="""" loading=""lazy"" referrerpolicy=""no-referrer-when-downgrade"" title=""Map of Myrtle Beach, SC""></iframe>","Roof Repair","Myrtle Beach"
"212391109494","roof-repair-surfside-beach","2026-05-06 19:22:35","Roof Repair in Surfside Beach","0","2026-05-08 16:20:34","Roof Repair in Surfside Beach","Roof Repair in Surfside Beach, SC | Linta Roofing","Linta Roofing provides roof repair in Surfside Beach, South Carolina. Licensed, insured, and built for coastal Carolina conditions — get a free estimate today.","Roof Repair in Surfside Beach, SC","<p>Roof Repair in Surfside Beach requires more than standard expertise. Linta Roofing's local team understands the specific challenges Surfside Beach homes face — from coastal weather to neighborhood-specific architecture — and responds to active leaks within the same week. From the first inspection to the final cleanup, every project is built to last.</p>","<h3>How long does roof repair take in Surfside Beach?</h3><p>Linta Roofing typically responds to active leaks within the same week. We'll confirm exact timing during your free inspection.</p><h3>Are you licensed in South Carolina?</h3><p>Yes. Linta Roofing is fully licensed and insured to operate in South Carolina.</p><h3>Do you handle insurance claims in Surfside Beach?</h3><p>Yes — we work directly with insurance carriers and adjusters to document and restore covered damage.</p>","<iframe src=""https://maps.google.com/maps?q=Surfside+Beach%2C+SC&z=12&output=embed"" width=""100%"" height=""450"" style=""border:0;"" allowfullscreen="""" loading=""lazy"" referrerpolicy=""no-referrer-when-downgrade"" title=""Map of Surfside Beach, SC""></iframe>","Roof Repair","Surfside Beach"
"212391109495","roof-repair-murrells-inlet","2026-05-06 19:22:35","Roof Repair in Murrells Inlet","0","2026-05-08 18:47:39","Roof Repair in Murrells Inlet","Roof Repair in Murrells Inlet, SC | Linta Roofing","Linta Roofing provides roof repair in Murrells Inlet, South Carolina. Licensed, insured, and built for coastal Carolina conditions — get a free estimate today.","Roof Repair in Murrells Inlet, SC","<p>Roof Repair in Murrells Inlet requires more than standard expertise. Linta Roofing's local team understands the specific challenges Murrells Inlet homes face — from coastal weather to neighborhood-specific architecture — and responds to active leaks within the same week. From the first inspection to the final cleanup, every project is built to last.</p>","<h3>How long does roof repair take in Murrells Inlet?</h3><p>Linta Roofing typically responds to active leaks within the same week. We'll confirm exact timing during your free inspection.</p><h3>Are you licensed in South Carolina?</h3><p>Yes. Linta Roofing is fully licensed and insured to operate in South Carolina.</p><h3>Do you handle insurance claims in Murrells Inlet?</h3><p>Yes — we work directly with insurance carriers and adjusters to document and restore covered damage.</p>","<iframe src=""https://maps.google.com/maps?q=Murrells+Inlet%2C+SC&z=12&output=embed"" width=""100%"" height=""450"" style=""border:0;"" allowfullscreen="""" loading=""lazy"" referrerpolicy=""no-referrer-when-downgrade"" title=""Map of Murrells Inlet, SC""></iframe>","Roof Repair","Murrells Inlet"
"212391109496","roof-repair-carolina-forest","2026-05-06 19:22:35","Roof Repair in Carolina Forest","0","2026-05-08 16:20:34","Roof Repair in Carolina Forest","Roof Repair in Carolina Forest, SC | Linta Roofing","Linta Roofing provides roof repair in Carolina Forest, South Carolina. Licensed, insured, and built for coastal Carolina conditions — get a free estimate today.","Roof Repair in Carolina Forest, SC","<p>Roof Repair in Carolina Forest requires more than standard expertise. Linta Roofing's local team understands the specific challenges Carolina Forest homes face — from coastal weather to neighborhood-specific architecture — and responds to active leaks within the same week. From the first inspection to the final cleanup, every project is built to last.</p>","<h3>How long does roof repair take in Carolina Forest?</h3><p>Linta Roofing typically responds to active leaks within the same week. We'll confirm exact timing during your free inspection.</p><h3>Are you licensed in South Carolina?</h3><p>Yes. Linta Roofing is fully licensed and insured to operate in South Carolina.</p><h3>Do you handle insurance claims in Carolina Forest?</h3><p>Yes — we work directly with insurance carriers and adjusters to document and restore covered damage.</p>","<iframe src=""https://maps.google.com/maps?q=Carolina+Forest%2C+SC&z=12&output=embed"" width=""100%"" height=""450"" style=""border:0;"" allowfullscreen="""" loading=""lazy"" referrerpolicy=""no-referrer-when-downgrade"" title=""Map of Carolina Forest, SC""></iframe>","Roof Repair","Carolina Forest"
"212391109497","roof-repair-conway","2026-05-06 19:22:35","Roof Repair in Conway","0","2026-05-08 16:20:34","Roof Repair in Conway","Roof Repair in Conway, SC | Linta Roofing","Linta Roofing provides roof repair in Conway, South Carolina. Licensed, insured, and built for coastal Carolina conditions — get a free estimate today.","Roof Repair in Conway, SC","<p>Roof Repair in Conway requires more than standard expertise. Linta Roofing's local team understands the specific challenges Conway homes face — from coastal weather to neighborhood-specific architecture — and responds to active leaks within the same week. From the first inspection to the final cleanup, every project is built to last.</p>","<h3>How long does roof repair take in Conway?</h3><p>Linta Roofing typically responds to active leaks within the same week. We'll confirm exact timing during your free inspection.</p><h3>Are you licensed in South Carolina?</h3><p>Yes. Linta Roofing is fully licensed and insured to operate in South Carolina.</p><h3>Do you handle insurance claims in Conway?</h3><p>Yes — we work directly with insurance carriers and adjusters to document and restore covered damage.</p>","<iframe src=""https://maps.google.com/maps?q=Conway%2C+SC&z=12&output=embed"" width=""100%"" height=""450"" style=""border:0;"" allowfullscreen="""" loading=""lazy"" referrerpolicy=""no-referrer-when-downgrade"" title=""Map of Conway, SC""></iframe>","Roof Repair","Conway"
"212391109498","roof-repair-north-myrtle-beach","2026-05-06 19:22:35","Roof Repair in North Myrtle Beach","0","2026-05-08 16:20:34","Roof Repair in North Myrtle Beach","Roof Repair in North Myrtle Beach, SC | Linta Roofing","Linta Roofing provides roof repair in North Myrtle Beach, South Carolina. Licensed, insured, and built for coastal Carolina conditions — get a free estimate today.","Roof Repair in North Myrtle Beach, SC","<p>Roof Repair in North Myrtle Beach requires more than standard expertise. Linta Roofing's local team understands the specific challenges North Myrtle Beach homes face — from coastal weather to neighborhood-specific architecture — and responds to active leaks within the same week. From the first inspection to the final cleanup, every project is built to last.</p>","<h3>How long does roof repair take in North Myrtle Beach?</h3><p>Linta Roofing typically responds to active leaks within the same week. We'll confirm exact timing during your free inspection.</p><h3>Are you licensed in South Carolina?</h3><p>Yes. Linta Roofing is fully licensed and insured to operate in South Carolina.</p><h3>Do you handle insurance claims in North Myrtle Beach?</h3><p>Yes — we work directly with insurance carriers and adjusters to document and restore covered damage.</p>","<iframe src=""https://maps.google.com/maps?q=North+Myrtle+Beach%2C+SC&z=12&output=embed"" width=""100%"" height=""450"" style=""border:0;"" allowfullscreen="""" loading=""lazy"" referrerpolicy=""no-referrer-when-downgrade"" title=""Map of North Myrtle Beach, SC""></iframe>","Roof Repair","North Myrtle Beach"
"212391109499","roof-repair-little-river","2026-05-06 19:22:35","Roof Repair in Little River","0","2026-05-08 16:20:34","Roof Repair in Little River","Roof Repair in Little River, SC | Linta Roofing","Linta Roofing provides roof repair in Little River, South Carolina. Licensed, insured, and built for coastal Carolina conditions — get a free estimate today.","Roof Repair in Little River, SC","<p>Roof Repair in Little River requires more than standard expertise. Linta Roofing's local team understands the specific challenges Little River homes face — from coastal weather to neighborhood-specific architecture — and responds to active leaks within the same week. From the first inspection to the final cleanup, every project is built to last.</p>","<h3>How long does roof repair take in Little River?</h3><p>Linta Roofing typically responds to active leaks within the same week. We'll confirm exact timing during your free inspection.</p><h3>Are you licensed in South Carolina?</h3><p>Yes. Linta Roofing is fully licensed and insured to operate in South Carolina.</p><h3>Do you handle insurance claims in Little River?</h3><p>Yes — we work directly with insurance carriers and adjusters to document and restore covered damage.</p>","<iframe src=""https://maps.google.com/maps?q=Little+River%2C+SC&z=12&output=embed"" width=""100%"" height=""450"" style=""border:0;"" allowfullscreen="""" loading=""lazy"" referrerpolicy=""no-referrer-when-downgrade"" title=""Map of Little River, SC""></iframe>","Roof Repair","Little River"
"212391109500","roof-repair-ocean-isle-beach","2026-05-06 19:22:35","Roof Repair in Ocean Isle Beach","0","2026-05-08 16:20:34","Roof Repair in Ocean Isle Beach","Roof Repair in Ocean Isle Beach, NC | Linta Roofing","Linta Roofing provides roof repair in Ocean Isle Beach, North Carolina. Licensed, insured, and built for coastal Carolina conditions — get a free estimate today.","Roof Repair in Ocean Isle Beach, NC","<p>Roof Repair in Ocean Isle Beach requires more than standard expertise. Linta Roofing's local team understands the specific challenges Ocean Isle Beach homes face — from coastal weather to neighborhood-specific architecture — and responds to active leaks within the same week. From the first inspection to the final cleanup, every project is built to last.</p>","<h3>How long does roof repair take in Ocean Isle Beach?</h3><p>Linta Roofing typically responds to active leaks within the same week. We'll confirm exact timing during your free inspection.</p><h3>Are you licensed in North Carolina?</h3><p>Yes. Linta Roofing is fully licensed and insured to operate in North Carolina.</p><h3>Do you handle insurance claims in Ocean Isle Beach?</h3><p>Yes — we work directly with insurance carriers and adjusters to document and restore covered damage.</p>","<iframe src=""https://maps.google.com/maps?q=Ocean+Isle+Beach%2C+NC&z=12&output=embed"" width=""100%"" height=""450"" style=""border:0;"" allowfullscreen="""" loading=""lazy"" referrerpolicy=""no-referrer-when-downgrade"" title=""Map of Ocean Isle Beach, NC""></iframe>","Roof Repair","Ocean Isle Beach"
"212391109501","roof-repair-holden-beach","2026-05-06 19:22:35","Roof Repair in Holden Beach","0","2026-05-08 16:20:34","Roof Repair in Holden Beach","Roof Repair in Holden Beach, NC | Linta Roofing","Linta Roofing provides roof repair in Holden Beach, North Carolina. Licensed, insured, and built for coastal Carolina conditions — get a free estimate today.","Roof Repair in Holden Beach, NC","<p>Roof Repair in Holden Beach requires more than standard expertise. Linta Roofing's local team understands the specific challenges Holden Beach homes face — from coastal weather to neighborhood-specific architecture — and responds to active leaks within the same week. From the first inspection to the final cleanup, every project is built to last.</p>","<h3>How long does roof repair take in Holden Beach?</h3><p>Linta Roofing typically responds to active leaks within the same week. We'll confirm exact timing during your free inspection.</p><h3>Are you licensed in North Carolina?</h3><p>Yes. Linta Roofing is fully licensed and insured to operate in North Carolina.</p><h3>Do you handle insurance claims in Holden Beach?</h3><p>Yes — we work directly with insurance carriers and adjusters to document and restore covered damage.</p>","<iframe src=""https://maps.google.com/maps?q=Holden+Beach%2C+NC&z=12&output=embed"" width=""100%"" height=""450"" style=""border:0;"" allowfullscreen="""" loading=""lazy"" referrerpolicy=""no-referrer-when-downgrade"" title=""Map of Holden Beach, NC""></iframe>","Roof Repair","Holden Beach"
"212391109502","roof-repair-sunset-beach","2026-05-06 19:22:35","Roof Repair in Sunset Beach","0","2026-05-08 16:20:34","Roof Repair in Sunset Beach","Roof Repair in Sunset Beach, NC | Linta Roofing","Linta Roofing provides roof repair in Sunset Beach, North Carolina. Licensed, insured, and built for coastal Carolina conditions — get a free estimate today.","Roof Repair in Sunset Beach, NC","<p>Roof Repair in Sunset Beach requires more than standard expertise. Linta Roofing's local team understands the specific challenges Sunset Beach homes face — from coastal weather to neighborhood-specific architecture — and responds to active leaks within the same week. From the first inspection to the final cleanup, every project is built to last.</p>","<h3>How long does roof repair take in Sunset Beach?</h3><p>Linta Roofing typically responds to active leaks within the same week. We'll confirm exact timing during your free inspection.</p><h3>Are you licensed in North Carolina?</h3><p>Yes. Linta Roofing is fully licensed and insured to operate in North Carolina.</p><h3>Do you handle insurance claims in Sunset Beach?</h3><p>Yes — we work directly with insurance carriers and adjusters to document and restore covered damage.</p>","<iframe src=""https://maps.google.com/maps?q=Sunset+Beach%2C+NC&z=12&output=embed"" width=""100%"" height=""450"" style=""border:0;"" allowfullscreen="""" loading=""lazy"" referrerpolicy=""no-referrer-when-downgrade"" title=""Map of Sunset Beach, NC""></iframe>","Roof Repair","Sunset Beach"
"212391109503","roof-repair-oak-island","2026-05-06 19:22:35","Roof Repair in Oak Island","0","2026-05-08 19:36:02","Roof Repair in Oak Island","Roof Repair in Oak Island, NC | Linta Roofing","Linta Roofing provides roof repair in Oak Island, North Carolina. Licensed, insured, and built for coastal Carolina conditions — get a free estimate today.","Roof Repair in Oak Island, NC","<p>Roof Repair in Oak Island requires more than standard expertise. Linta Roofing's local team understands the specific challenges Oak Island homes face — from coastal weather to neighborhood-specific architecture — and responds to active leaks within the same week. From the first inspection to the final cleanup, every project is built to last.</p>","<h3>How long does roof repair take in Oak Island?</h3><p>Linta Roofing typically responds to active leaks within the same week. We'll confirm exact timing during your free inspection.</p><h3>Are you licensed in North Carolina?</h3><p>Yes. Linta Roofing is fully licensed and insured to operate in North Carolina.</p><h3>Do you handle insurance claims in Oak Island?</h3><p>Yes — we work directly with insurance carriers and adjusters to document and restore covered damage.</p>","<iframe src=""https://maps.google.com/maps?q=Oak+Island%2C+NC&z=12&output=embed"" width=""100%"" height=""450"" style=""border:0;"" allowfullscreen="""" loading=""lazy"" referrerpolicy=""no-referrer-when-downgrade"" title=""Map of Oak Island, NC""></iframe>","Roof Repair","Oak Island"
"212391109504","roof-repair-caswell-beach","2026-05-06 19:22:35","Roof Repair in Caswell Beach","0","2026-05-08 16:20:34","Roof Repair in Caswell Beach","Roof Repair in Caswell Beach, NC | Linta Roofing","Linta Roofing provides roof repair in Caswell Beach, North Carolina. Licensed, insured, and built for coastal Carolina conditions — get a free estimate today.","Roof Repair in Caswell Beach, NC","<p>Roof Repair in Caswell Beach requires more than standard expertise. Linta Roofing's local team understands the specific challenges Caswell Beach homes face — from coastal weather to neighborhood-specific architecture — and responds to active leaks within the same week. From the first inspection to the final cleanup, every project is built to last.</p>","<h3>How long does roof repair take in Caswell Beach?</h3><p>Linta Roofing typically responds to active leaks within the same week. We'll confirm exact timing during your free inspection.</p><h3>Are you licensed in North Carolina?</h3><p>Yes. Linta Roofing is fully licensed and insured to operate in North Carolina.</p><h3>Do you handle insurance claims in Caswell Beach?</h3><p>Yes — we work directly with insurance carriers and adjusters to document and restore covered damage.</p>","<iframe src=""https://maps.google.com/maps?q=Caswell+Beach%2C+NC&z=12&output=embed"" width=""100%"" height=""450"" style=""border:0;"" allowfullscreen="""" loading=""lazy"" referrerpolicy=""no-referrer-when-downgrade"" title=""Map of Caswell Beach, NC""></iframe>","Roof Repair","Caswell Beach"
"212391109505","roof-repair-long-beach","2026-05-06 19:22:35","Roof Repair in Long Beach","0","2026-05-08 16:20:34","Roof Repair in Long Beach","Roof Repair in Long Beach, NC | Linta Roofing","Linta Roofing provides roof repair in Long Beach, North Carolina. Licensed, insured, and built for coastal Carolina conditions — get a free estimate today.","Roof Repair in Long Beach, NC","<p>Roof Repair in Long Beach requires more than standard expertise. Linta Roofing's local team understands the specific challenges Long Beach homes face — from coastal weather to neighborhood-specific architecture — and responds to active leaks within the same week. From the first inspection to the final cleanup, every project is built to last.</p>","<h3>How long does roof repair take in Long Beach?</h3><p>Linta Roofing typically responds to active leaks within the same week. We'll confirm exact timing during your free inspection.</p><h3>Are you licensed in North Carolina?</h3><p>Yes. Linta Roofing is fully licensed and insured to operate in North Carolina.</p><h3>Do you handle insurance claims in Long Beach?</h3><p>Yes — we work directly with insurance carriers and adjusters to document and restore covered damage.</p>","<iframe src=""https://maps.google.com/maps?q=Long+Beach%2C+NC&z=12&output=embed"" width=""100%"" height=""450"" style=""border:0;"" allowfullscreen="""" loading=""lazy"" referrerpolicy=""no-referrer-when-downgrade"" title=""Map of Long Beach, NC""></iframe>","Roof Repair","Long Beach"
"212391109506","roof-repair-brunswick-county","2026-05-06 19:22:35","Roof Repair in Brunswick County","0","2026-05-08 16:20:34","Roof Repair in Brunswick County","Roof Repair in Brunswick County, NC | Linta Roofing","Linta Roofing provides roof repair across Brunswick County, North Carolina. Licensed, insured, and built for coastal Carolina conditions — get a free estimate today.","Roof Repair in Brunswick County, NC","<p>Roof Repair across Brunswick County demands more than a one-size-fits-all approach. Linta Roofing's local team understands the range of homes and weather conditions across the county — from inland properties to oceanfront communities — and responds to active leaks within the same week. From the first inspection to the final cleanup, every project is built to last.</p>","<h3>How long does roof repair take in Brunswick County?</h3><p>Linta Roofing typically responds to active leaks within the same week. We'll confirm exact timing during your free inspection.</p><h3>Are you licensed in North Carolina?</h3><p>Yes. Linta Roofing is fully licensed and insured to operate in North Carolina.</p><h3>Do you handle insurance claims in Brunswick County?</h3><p>Yes — we work directly with insurance carriers and adjusters to document and restore covered damage.</p>","<iframe src=""https://maps.google.com/maps?q=Brunswick+County%2C+NC&z=10&output=embed"" width=""100%"" height=""450"" style=""border:0;"" allowfullscreen="""" loading=""lazy"" referrerpolicy=""no-referrer-when-downgrade"" title=""Map of Brunswick County, NC""></iframe>","Roof Repair","Brunswick County"
"212391109507","roof-repair-columbus-county","2026-05-06 19:22:35","Roof Repair in Columbus County","0","2026-05-08 16:20:34","Roof Repair in Columbus County","Roof Repair in Columbus County, NC | Linta Roofing","Linta Roofing provides roof repair across Columbus County, North Carolina. Licensed, insured, and built for coastal Carolina conditions — get a free estimate today.","Roof Repair in Columbus County, NC","<p>Roof Repair across Columbus County demands more than a one-size-fits-all approach. Linta Roofing's local team understands the range of homes and weather conditions across the county — from inland properties to oceanfront communities — and responds to active leaks within the same week. From the first inspection to the final cleanup, every project is built to last.</p>","<h3>How long does roof repair take in Columbus County?</h3><p>Linta Roofing typically responds to active leaks within the same week. We'll confirm exact timing during your free inspection.</p><h3>Are you licensed in North Carolina?</h3><p>Yes. Linta Roofing is fully licensed and insured to operate in North Carolina.</p><h3>Do you handle insurance claims in Columbus County?</h3><p>Yes — we work directly with insurance carriers and adjusters to document and restore covered damage.</p>","<iframe src=""https://maps.google.com/maps?q=Columbus+County%2C+NC&z=10&output=embed"" width=""100%"" height=""450"" style=""border:0;"" allowfullscreen="""" loading=""lazy"" referrerpolicy=""no-referrer-when-downgrade"" title=""Map of Columbus County, NC""></iframe>","Roof Repair","Columbus County"
"212391109508","roof-repair-georgetown-county","2026-05-06 19:22:35","Roof Repair in Georgetown County","0","2026-05-08 16:20:34","Roof Repair in Georgetown County","Roof Repair in Georgetown County, SC | Linta Roofing","Linta Roofing provides roof repair across Georgetown County, South Carolina. Licensed, insured, and built for coastal Carolina conditions — get a free estimate today.","Roof Repair in Georgetown County, SC","<p>Roof Repair across Georgetown County demands more than a one-size-fits-all approach. Linta Roofing's local team understands the range of homes and weather conditions across the county — from inland properties to oceanfront communities — and responds to active leaks within the same week. From the first inspection to the final cleanup, every project is built to last.</p>","<h3>How long does roof repair take in Georgetown County?</h3><p>Linta Roofing typically responds to active leaks within the same week. We'll confirm exact timing during your free inspection.</p><h3>Are you licensed in South Carolina?</h3><p>Yes. Linta Roofing is fully licensed and insured to operate in South Carolina.</p><h3>Do you handle insurance claims in Georgetown County?</h3><p>Yes — we work directly with insurance carriers and adjusters to document and restore covered damage.</p>","<iframe src=""https://maps.google.com/maps?q=Georgetown+County%2C+SC&z=10&output=embed"" width=""100%"" height=""450"" style=""border:0;"" allowfullscreen="""" loading=""lazy"" referrerpolicy=""no-referrer-when-downgrade"" title=""Map of Georgetown County, SC""></iframe>","Roof Repair","Georgetown County"
"212391109509","roof-repair-georgetown","2026-05-06 19:22:35","Roof Repair in Georgetown","0","2026-05-08 16:20:34","Roof Repair in Georgetown","Roof Repair in Georgetown, SC | Linta Roofing","Linta Roofing provides roof repair in Georgetown, South Carolina. Licensed, insured, and built for coastal Carolina conditions — get a free estimate today.","Roof Repair in Georgetown, SC","<p>Roof Repair in Georgetown requires more than standard expertise. Linta Roofing's local team understands the specific challenges Georgetown homes face — from coastal weather to neighborhood-specific architecture — and responds to active leaks within the same week. From the first inspection to the final cleanup, every project is built to last.</p>","<h3>How long does roof repair take in Georgetown?</h3><p>Linta Roofing typically responds to active leaks within the same week. We'll confirm exact timing during your free inspection.</p><h3>Are you licensed in South Carolina?</h3><p>Yes. Linta Roofing is fully licensed and insured to operate in South Carolina.</p><h3>Do you handle insurance claims in Georgetown?</h3><p>Yes — we work directly with insurance carriers and adjusters to document and restore covered damage.</p>","<iframe src=""https://maps.google.com/maps?q=Georgetown%2C+SC&z=12&output=embed"" width=""100%"" height=""450"" style=""border:0;"" allowfullscreen="""" loading=""lazy"" referrerpolicy=""no-referrer-when-downgrade"" title=""Map of Georgetown, SC""></iframe>","Roof Repair","Georgetown"
"212391109510","roof-repair-marion-county","2026-05-06 19:22:35","Roof Repair in Marion County","0","2026-05-08 16:20:34","Roof Repair in Marion County","Roof Repair in Marion County, SC | Linta Roofing","Linta Roofing provides roof repair across Marion County, South Carolina. Licensed, insured, and built for coastal Carolina conditions — get a free estimate today.","Roof Repair in Marion County, SC","<p>Roof Repair across Marion County demands more than a one-size-fits-all approach. Linta Roofing's local team understands the range of homes and weather conditions across the county — from inland properties to oceanfront communities — and responds to active leaks within the same week. From the first inspection to the final cleanup, every project is built to last.</p>","<h3>How long does roof repair take in Marion County?</h3><p>Linta Roofing typically responds to active leaks within the same week. We'll confirm exact timing during your free inspection.</p><h3>Are you licensed in South Carolina?</h3><p>Yes. Linta Roofing is fully licensed and insured to operate in South Carolina.</p><h3>Do you handle insurance claims in Marion County?</h3><p>Yes — we work directly with insurance carriers and adjusters to document and restore covered damage.</p>","<iframe src=""https://maps.google.com/maps?q=Marion+County%2C+SC&z=10&output=embed"" width=""100%"" height=""450"" style=""border:0;"" allowfullscreen="""" loading=""lazy"" referrerpolicy=""no-referrer-when-downgrade"" title=""Map of Marion County, SC""></iframe>","Roof Repair","Marion County"
"212391109511","roof-inspection-myrtle-beach","2026-05-06 19:22:35","Roof Inspection in Myrtle Beach","0","2026-05-08 16:20:34","Roof Inspection in Myrtle Beach","Roof Inspection in Myrtle Beach, SC | Linta Roofing","Linta Roofing provides roof inspection in Myrtle Beach, South Carolina. Licensed, insured, and built for coastal Carolina conditions — get a free estimate today.","Roof Inspection in Myrtle Beach, SC","<p>Roof Inspection in Myrtle Beach requires more than standard expertise. Linta Roofing's local team understands the specific challenges Myrtle Beach homes face — from coastal weather to neighborhood-specific architecture — and delivers a free 21-point inspection report within 60 to 90 minutes. From the first inspection to the final cleanup, every project is built to last.</p>","<h3>How long does roof inspection take in Myrtle Beach?</h3><p>Linta Roofing typically delivers a free 21-point inspection report within 60 to 90 minutes. We'll confirm exact timing during your free inspection.</p><h3>Are you licensed in South Carolina?</h3><p>Yes. Linta Roofing is fully licensed and insured to operate in South Carolina.</p><h3>Do you handle insurance claims in Myrtle Beach?</h3><p>Yes — we work directly with insurance carriers and adjusters to document and restore covered damage.</p>","<iframe src=""https://maps.google.com/maps?q=Myrtle+Beach%2C+SC&z=12&output=embed"" width=""100%"" height=""450"" style=""border:0;"" allowfullscreen="""" loading=""lazy"" referrerpolicy=""no-referrer-when-downgrade"" title=""Map of Myrtle Beach, SC""></iframe>","Roof Inspection","Myrtle Beach"
"212391109512","roof-inspection-surfside-beach","2026-05-06 19:22:35","Roof Inspection in Surfside Beach","0","2026-05-08 16:20:34","Roof Inspection in Surfside Beach","Roof Inspection in Surfside Beach, SC | Linta Roofing","Linta Roofing provides roof inspection in Surfside Beach, South Carolina. Licensed, insured, and built for coastal Carolina conditions — get a free estimate today.","Roof Inspection in Surfside Beach, SC","<p>Roof Inspection in Surfside Beach requires more than standard expertise. Linta Roofing's local team understands the specific challenges Surfside Beach homes face — from coastal weather to neighborhood-specific architecture — and delivers a free 21-point inspection report within 60 to 90 minutes. From the first inspection to the final cleanup, every project is built to last.</p>","<h3>How long does roof inspection take in Surfside Beach?</h3><p>Linta Roofing typically delivers a free 21-point inspection report within 60 to 90 minutes. We'll confirm exact timing during your free inspection.</p><h3>Are you licensed in South Carolina?</h3><p>Yes. Linta Roofing is fully licensed and insured to operate in South Carolina.</p><h3>Do you handle insurance claims in Surfside Beach?</h3><p>Yes — we work directly with insurance carriers and adjusters to document and restore covered damage.</p>","<iframe src=""https://maps.google.com/maps?q=Surfside+Beach%2C+SC&z=12&output=embed"" width=""100%"" height=""450"" style=""border:0;"" allowfullscreen="""" loading=""lazy"" referrerpolicy=""no-referrer-when-downgrade"" title=""Map of Surfside Beach, SC""></iframe>","Roof Inspection","Surfside Beach"
"212391109513","roof-inspection-murrells-inlet","2026-05-06 19:22:35","Roof Inspection in Murrells Inlet","0","2026-05-08 16:20:34","Roof Inspection in Murrells Inlet","Roof Inspection in Murrells Inlet, SC | Linta Roofing","Linta Roofing provides roof inspection in Murrells Inlet, South Carolina. Licensed, insured, and built for coastal Carolina conditions — get a free estimate today.","Roof Inspection in Murrells Inlet, SC","<p>Roof Inspection in Murrells Inlet requires more than standard expertise. Linta Roofing's local team understands the specific challenges Murrells Inlet homes face — from coastal weather to neighborhood-specific architecture — and delivers a free 21-point inspection report within 60 to 90 minutes. From the first inspection to the final cleanup, every project is built to last.</p>","<h3>How long does roof inspection take in Murrells Inlet?</h3><p>Linta Roofing typically delivers a free 21-point inspection report within 60 to 90 minutes. We'll confirm exact timing during your free inspection.</p><h3>Are you licensed in South Carolina?</h3><p>Yes. Linta Roofing is fully licensed and insured to operate in South Carolina.</p><h3>Do you handle insurance claims in Murrells Inlet?</h3><p>Yes — we work directly with insurance carriers and adjusters to document and restore covered damage.</p>","<iframe src=""https://maps.google.com/maps?q=Murrells+Inlet%2C+SC&z=12&output=embed"" width=""100%"" height=""450"" style=""border:0;"" allowfullscreen="""" loading=""lazy"" referrerpolicy=""no-referrer-when-downgrade"" title=""Map of Murrells Inlet, SC""></iframe>","Roof Inspection","Murrells Inlet"
"212391109514","roof-inspection-carolina-forest","2026-05-06 19:22:35","Roof Inspection in Carolina Forest","0","2026-05-08 16:20:34","Roof Inspection in Carolina Forest","Roof Inspection in Carolina Forest, SC | Linta Roofing","Linta Roofing provides roof inspection in Carolina Forest, South Carolina. Licensed, insured, and built for coastal Carolina conditions — get a free estimate today.","Roof Inspection in Carolina Forest, SC","<p>Roof Inspection in Carolina Forest requires more than standard expertise. Linta Roofing's local team understands the specific challenges Carolina Forest homes face — from coastal weather to neighborhood-specific architecture — and delivers a free 21-point inspection report within 60 to 90 minutes. From the first inspection to the final cleanup, every project is built to last.</p>","<h3>How long does roof inspection take in Carolina Forest?</h3><p>Linta Roofing typically delivers a free 21-point inspection report within 60 to 90 minutes. We'll confirm exact timing during your free inspection.</p><h3>Are you licensed in South Carolina?</h3><p>Yes. Linta Roofing is fully licensed and insured to operate in South Carolina.</p><h3>Do you handle insurance claims in Carolina Forest?</h3><p>Yes — we work directly with insurance carriers and adjusters to document and restore covered damage.</p>","<iframe src=""https://maps.google.com/maps?q=Carolina+Forest%2C+SC&z=12&output=embed"" width=""100%"" height=""450"" style=""border:0;"" allowfullscreen="""" loading=""lazy"" referrerpolicy=""no-referrer-when-downgrade"" title=""Map of Carolina Forest, SC""></iframe>","Roof Inspection","Carolina Forest"
"212391109515","roof-inspection-conway","2026-05-06 19:22:35","Roof Inspection in Conway","0","2026-05-08 16:20:34","Roof Inspection in Conway","Roof Inspection in Conway, SC | Linta Roofing","Linta Roofing provides roof inspection in Conway, South Carolina. Licensed, insured, and built for coastal Carolina conditions — get a free estimate today.","Roof Inspection in Conway, SC","<p>Roof Inspection in Conway requires more than standard expertise. Linta Roofing's local team understands the specific challenges Conway homes face — from coastal weather to neighborhood-specific architecture — and delivers a free 21-point inspection report within 60 to 90 minutes. From the first inspection to the final cleanup, every project is built to last.</p>","<h3>How long does roof inspection take in Conway?</h3><p>Linta Roofing typically delivers a free 21-point inspection report within 60 to 90 minutes. We'll confirm exact timing during your free inspection.</p><h3>Are you licensed in South Carolina?</h3><p>Yes. Linta Roofing is fully licensed and insured to operate in South Carolina.</p><h3>Do you handle insurance claims in Conway?</h3><p>Yes — we work directly with insurance carriers and adjusters to document and restore covered damage.</p>","<iframe src=""https://maps.google.com/maps?q=Conway%2C+SC&z=12&output=embed"" width=""100%"" height=""450"" style=""border:0;"" allowfullscreen="""" loading=""lazy"" referrerpolicy=""no-referrer-when-downgrade"" title=""Map of Conway, SC""></iframe>","Roof Inspection","Conway"
"212391109516","roof-inspection-north-myrtle-beach","2026-05-06 19:22:35","Roof Inspection in North Myrtle Beach","0","2026-05-08 16:20:34","Roof Inspection in North Myrtle Beach","Roof Inspection in North Myrtle Beach, SC | Linta Roofing","Linta Roofing provides roof inspection in North Myrtle Beach, South Carolina. Licensed, insured, and built for coastal Carolina conditions — get a free estimate today.","Professional Roof Inspection in North Myrtle Beach, SC","<p>Roof Inspection in North Myrtle Beach requires more than standard expertise. Linta Roofing's local team understands the specific challenges North Myrtle Beach homes face — from coastal weather to neighborhood-specific architecture — and delivers a free 21-point inspection report within 60 to 90 minutes. From the first inspection to the final cleanup, every project is built to last.</p>","<h3>How long does roof inspection take in North Myrtle Beach?</h3><p>Linta Roofing typically delivers a free 21-point inspection report within 60 to 90 minutes. We'll confirm exact timing during your free inspection.</p><h3>Are you licensed in South Carolina?</h3><p>Yes. Linta Roofing is fully licensed and insured to operate in South Carolina.</p><h3>Do you handle insurance claims in North Myrtle Beach?</h3><p>Yes — we work directly with insurance carriers and adjusters to document and restore covered damage.</p>","<iframe src=""https://maps.google.com/maps?q=North+Myrtle+Beach%2C+SC&z=12&output=embed"" width=""100%"" height=""450"" style=""border:0;"" allowfullscreen="""" loading=""lazy"" referrerpolicy=""no-referrer-when-downgrade"" title=""Map of North Myrtle Beach, SC""></iframe>","Roof Inspection","North Myrtle Beach"
"212391109517","roof-inspection-little-river","2026-05-06 19:22:35","Roof Inspection in Little River","0","2026-05-08 16:20:34","Roof Inspection in Little River","Roof Inspection in Little River, SC | Linta Roofing","Linta Roofing provides roof inspection in Little River, South Carolina. Licensed, insured, and built for coastal Carolina conditions — get a free estimate today.","Roof Inspection in Little River, SC","<p>Roof Inspection in Little River requires more than standard expertise. Linta Roofing's local team understands the specific challenges Little River homes face — from coastal weather to neighborhood-specific architecture — and delivers a free 21-point inspection report within 60 to 90 minutes. From the first inspection to the final cleanup, every project is built to last.</p>","<h3>How long does roof inspection take in Little River?</h3><p>Linta Roofing typically delivers a free 21-point inspection report within 60 to 90 minutes. We'll confirm exact timing during your free inspection.</p><h3>Are you licensed in South Carolina?</h3><p>Yes. Linta Roofing is fully licensed and insured to operate in South Carolina.</p><h3>Do you handle insurance claims in Little River?</h3><p>Yes — we work directly with insurance carriers and adjusters to document and restore covered damage.</p>","<iframe src=""https://maps.google.com/maps?q=Little+River%2C+SC&z=12&output=embed"" width=""100%"" height=""450"" style=""border:0;"" allowfullscreen="""" loading=""lazy"" referrerpolicy=""no-referrer-when-downgrade"" title=""Map of Little River, SC""></iframe>","Roof Inspection","Little River"
"212391109518","roof-inspection-ocean-isle-beach","2026-05-06 19:22:35","Roof Inspection in Ocean Isle Beach","0","2026-05-08 16:20:34","Roof Inspection in Ocean Isle Beach","Roof Inspection in Ocean Isle Beach, NC | Linta Roofing","Linta Roofing provides roof inspection in Ocean Isle Beach, North Carolina. Licensed, insured, and built for coastal Carolina conditions — get a free estimate today.","Professional Roof Inspection in Ocean Isle Beach, NC","<p>Roof Inspection in Ocean Isle Beach requires more than standard expertise. Linta Roofing's local team understands the specific challenges Ocean Isle Beach homes face — from coastal weather to neighborhood-specific architecture — and delivers a free 21-point inspection report within 60 to 90 minutes. From the first inspection to the final cleanup, every project is built to last.</p>","<h3>How long does roof inspection take in Ocean Isle Beach?</h3><p>Linta Roofing typically delivers a free 21-point inspection report within 60 to 90 minutes. We'll confirm exact timing during your free inspection.</p><h3>Are you licensed in North Carolina?</h3><p>Yes. Linta Roofing is fully licensed and insured to operate in North Carolina.</p><h3>Do you handle insurance claims in Ocean Isle Beach?</h3><p>Yes — we work directly with insurance carriers and adjusters to document and restore covered damage.</p>","<iframe src=""https://maps.google.com/maps?q=Ocean+Isle+Beach%2C+NC&z=12&output=embed"" width=""100%"" height=""450"" style=""border:0;"" allowfullscreen="""" loading=""lazy"" referrerpolicy=""no-referrer-when-downgrade"" title=""Map of Ocean Isle Beach, NC""></iframe>","Roof Inspection","Ocean Isle Beach"
"212391109519","roof-inspection-holden-beach","2026-05-06 19:22:35","Roof Inspection in Holden Beach","0","2026-05-08 16:20:34","Roof Inspection in Holden Beach","Roof Inspection in Holden Beach, NC | Linta Roofing","Linta Roofing provides roof inspection in Holden Beach, North Carolina. Licensed, insured, and built for coastal Carolina conditions — get a free estimate today.","Roof Inspection in Holden Beach, NC","<p>Roof Inspection in Holden Beach requires more than standard expertise. Linta Roofing's local team understands the specific challenges Holden Beach homes face — from coastal weather to neighborhood-specific architecture — and delivers a free 21-point inspection report within 60 to 90 minutes. From the first inspection to the final cleanup, every project is built to last.</p>","<h3>How long does roof inspection take in Holden Beach?</h3><p>Linta Roofing typically delivers a free 21-point inspection report within 60 to 90 minutes. We'll confirm exact timing during your free inspection.</p><h3>Are you licensed in North Carolina?</h3><p>Yes. Linta Roofing is fully licensed and insured to operate in North Carolina.</p><h3>Do you handle insurance claims in Holden Beach?</h3><p>Yes — we work directly with insurance carriers and adjusters to document and restore covered damage.</p>","<iframe src=""https://maps.google.com/maps?q=Holden+Beach%2C+NC&z=12&output=embed"" width=""100%"" height=""450"" style=""border:0;"" allowfullscreen="""" loading=""lazy"" referrerpolicy=""no-referrer-when-downgrade"" title=""Map of Holden Beach, NC""></iframe>","Roof Inspection","Holden Beach"
"212391109520","roof-inspection-sunset-beach","2026-05-06 19:22:35","Roof Inspection in Sunset Beach","0","2026-05-08 16:20:34","Roof Inspection in Sunset Beach","Roof Inspection in Sunset Beach, NC | Linta Roofing","Linta Roofing provides roof inspection in Sunset Beach, North Carolina. Licensed, insured, and built for coastal Carolina conditions — get a free estimate today.","Roof Inspection in Sunset Beach, NC","<p>Roof Inspection in Sunset Beach requires more than standard expertise. Linta Roofing's local team understands the specific challenges Sunset Beach homes face — from coastal weather to neighborhood-specific architecture — and delivers a free 21-point inspection report within 60 to 90 minutes. From the first inspection to the final cleanup, every project is built to last.</p>","<h3>How long does roof inspection take in Sunset Beach?</h3><p>Linta Roofing typically delivers a free 21-point inspection report within 60 to 90 minutes. We'll confirm exact timing during your free inspection.</p><h3>Are you licensed in North Carolina?</h3><p>Yes. Linta Roofing is fully licensed and insured to operate in North Carolina.</p><h3>Do you handle insurance claims in Sunset Beach?</h3><p>Yes — we work directly with insurance carriers and adjusters to document and restore covered damage.</p>","<iframe src=""https://maps.google.com/maps?q=Sunset+Beach%2C+NC&z=12&output=embed"" width=""100%"" height=""450"" style=""border:0;"" allowfullscreen="""" loading=""lazy"" referrerpolicy=""no-referrer-when-downgrade"" title=""Map of Sunset Beach, NC""></iframe>","Roof Inspection","Sunset Beach"
"212391109521","roof-inspection-oak-island","2026-05-06 19:22:35","Roof Inspection in Oak Island","0","2026-05-08 19:35:46","Roof Inspection in Oak Island","Roof Inspection in Oak Island, NC | Linta Roofing","Linta Roofing provides roof inspection in Oak Island, North Carolina. Licensed, insured, and built for coastal Carolina conditions — get a free estimate today.","Roof Inspection in Oak Island, NC","<p>Roof Inspection in Oak Island requires more than standard expertise. Linta Roofing's local team understands the specific challenges Oak Island homes face — from coastal weather to neighborhood-specific architecture — and delivers a free 21-point inspection report within 60 to 90 minutes. From the first inspection to the final cleanup, every project is built to last.</p>","<h3>How long does roof inspection take in Oak Island?</h3><p>Linta Roofing typically delivers a free 21-point inspection report within 60 to 90 minutes. We'll confirm exact timing during your free inspection.</p><h3>Are you licensed in North Carolina?</h3><p>Yes. Linta Roofing is fully licensed and insured to operate in North Carolina.</p><h3>Do you handle insurance claims in Oak Island?</h3><p>Yes — we work directly with insurance carriers and adjusters to document and restore covered damage.</p>","<iframe src=""https://maps.google.com/maps?q=Oak+Island%2C+NC&z=12&output=embed"" width=""100%"" height=""450"" style=""border:0;"" allowfullscreen="""" loading=""lazy"" referrerpolicy=""no-referrer-when-downgrade"" title=""Map of Oak Island, NC""></iframe>","Roof Inspection","Oak Island"
"212391109522","roof-inspection-caswell-beach","2026-05-06 19:22:35","Roof Inspection in Caswell Beach","0","2026-05-08 16:20:34","Roof Inspection in Caswell Beach","Roof Inspection in Caswell Beach, NC | Linta Roofing","Linta Roofing provides roof inspection in Caswell Beach, North Carolina. Licensed, insured, and built for coastal Carolina conditions — get a free estimate today.","Roof Inspection in Caswell Beach, NC","<p>Roof Inspection in Caswell Beach requires more than standard expertise. Linta Roofing's local team understands the specific challenges Caswell Beach homes face — from coastal weather to neighborhood-specific architecture — and delivers a free 21-point inspection report within 60 to 90 minutes. From the first inspection to the final cleanup, every project is built to last.</p>","<h3>How long does roof inspection take in Caswell Beach?</h3><p>Linta Roofing typically delivers a free 21-point inspection report within 60 to 90 minutes. We'll confirm exact timing during your free inspection.</p><h3>Are you licensed in North Carolina?</h3><p>Yes. Linta Roofing is fully licensed and insured to operate in North Carolina.</p><h3>Do you handle insurance claims in Caswell Beach?</h3><p>Yes — we work directly with insurance carriers and adjusters to document and restore covered damage.</p>","<iframe src=""https://maps.google.com/maps?q=Caswell+Beach%2C+NC&z=12&output=embed"" width=""100%"" height=""450"" style=""border:0;"" allowfullscreen="""" loading=""lazy"" referrerpolicy=""no-referrer-when-downgrade"" title=""Map of Caswell Beach, NC""></iframe>","Roof Inspection","Caswell Beach"
"212391109523","roof-inspection-long-beach","2026-05-06 19:22:35","Roof Inspection in Long Beach","0","2026-05-08 19:38:44","Roof Inspection in Long Beach","Roof Inspection in Long Beach, NC | Linta Roofing","Linta Roofing provides roof inspection in Long Beach, North Carolina. Licensed, insured, and built for coastal Carolina conditions — get a free estimate today.","Roof Inspections in Long Beach, NC","<p>Roof Inspection in Long Beach requires more than standard expertise. Linta Roofing's local team understands the specific challenges Long Beach homes face — from coastal weather to neighborhood-specific architecture — and delivers a free 21-point inspection report within 60 to 90 minutes. From the first inspection to the final cleanup, every project is built to last.</p>","<h3>How long does roof inspection take in Long Beach?</h3><p>Linta Roofing typically delivers a free 21-point inspection report within 60 to 90 minutes. We'll confirm exact timing during your free inspection.</p><h3>Are you licensed in North Carolina?</h3><p>Yes. Linta Roofing is fully licensed and insured to operate in North Carolina.</p><h3>Do you handle insurance claims in Long Beach?</h3><p>Yes — we work directly with insurance carriers and adjusters to document and restore covered damage.</p>","<iframe src=""https://maps.google.com/maps?q=Long+Beach%2C+NC&z=12&output=embed"" width=""100%"" height=""450"" style=""border:0;"" allowfullscreen="""" loading=""lazy"" referrerpolicy=""no-referrer-when-downgrade"" title=""Map of Long Beach, NC""></iframe>","Roof Inspection","Long Beach"
"212391109524","roof-inspection-brunswick-county","2026-05-06 19:22:35","Roof Inspection in Brunswick County","0","2026-05-08 16:20:34","Roof Inspection in Brunswick County","Roof Inspection in Brunswick County, NC | Linta Roofing","Linta Roofing provides roof inspection across Brunswick County, North Carolina. Licensed, insured, and built for coastal Carolina conditions — get a free estimate today.","Roof Inspection in Brunswick County, NC","<p>Roof Inspection across Brunswick County demands more than a one-size-fits-all approach. Linta Roofing's local team understands the range of homes and weather conditions across the county — from inland properties to oceanfront communities — and delivers a free 21-point inspection report within 60 to 90 minutes. From the first inspection to the final cleanup, every project is built to last.</p>","<h3>How long does roof inspection take in Brunswick County?</h3><p>Linta Roofing typically delivers a free 21-point inspection report within 60 to 90 minutes. We'll confirm exact timing during your free inspection.</p><h3>Are you licensed in North Carolina?</h3><p>Yes. Linta Roofing is fully licensed and insured to operate in North Carolina.</p><h3>Do you handle insurance claims in Brunswick County?</h3><p>Yes — we work directly with insurance carriers and adjusters to document and restore covered damage.</p>","<iframe src=""https://maps.google.com/maps?q=Brunswick+County%2C+NC&z=10&output=embed"" width=""100%"" height=""450"" style=""border:0;"" allowfullscreen="""" loading=""lazy"" referrerpolicy=""no-referrer-when-downgrade"" title=""Map of Brunswick County, NC""></iframe>","Roof Inspection","Brunswick County"
"212391109525","roof-inspection-columbus-county","2026-05-06 19:22:35","Roof Inspection in Columbus County","0","2026-05-08 16:20:34","Roof Inspection in Columbus County","Roof Inspection in Columbus County, NC | Linta Roofing","Linta Roofing provides roof inspection across Columbus County, North Carolina. Licensed, insured, and built for coastal Carolina conditions — get a free estimate today.","Roof Inspection in Columbus County, NC","<p>Roof Inspection across Columbus County demands more than a one-size-fits-all approach. Linta Roofing's local team understands the range of homes and weather conditions across the county — from inland properties to oceanfront communities — and delivers a free 21-point inspection report within 60 to 90 minutes. From the first inspection to the final cleanup, every project is built to last.</p>","<h3>How long does roof inspection take in Columbus County?</h3><p>Linta Roofing typically delivers a free 21-point inspection report within 60 to 90 minutes. We'll confirm exact timing during your free inspection.</p><h3>Are you licensed in North Carolina?</h3><p>Yes. Linta Roofing is fully licensed and insured to operate in North Carolina.</p><h3>Do you handle insurance claims in Columbus County?</h3><p>Yes — we work directly with insurance carriers and adjusters to document and restore covered damage.</p>","<iframe src=""https://maps.google.com/maps?q=Columbus+County%2C+NC&z=10&output=embed"" width=""100%"" height=""450"" style=""border:0;"" allowfullscreen="""" loading=""lazy"" referrerpolicy=""no-referrer-when-downgrade"" title=""Map of Columbus County, NC""></iframe>","Roof Inspection","Columbus County"
"212391109526","roof-inspection-georgetown-county","2026-05-06 19:22:35","Roof Inspection in Georgetown County","0","2026-05-08 16:20:34","Roof Inspection in Georgetown County","Roof Inspection in Georgetown County, SC | Linta Roofing","Linta Roofing provides roof inspection across Georgetown County, South Carolina. Licensed, insured, and built for coastal Carolina conditions — get a free estimate today.","Roof Inspection in Georgetown County, SC","<p>Roof Inspection across Georgetown County demands more than a one-size-fits-all approach. Linta Roofing's local team understands the range of homes and weather conditions across the county — from inland properties to oceanfront communities — and delivers a free 21-point inspection report within 60 to 90 minutes. From the first inspection to the final cleanup, every project is built to last.</p>","<h3>How long does roof inspection take in Georgetown County?</h3><p>Linta Roofing typically delivers a free 21-point inspection report within 60 to 90 minutes. We'll confirm exact timing during your free inspection.</p><h3>Are you licensed in South Carolina?</h3><p>Yes. Linta Roofing is fully licensed and insured to operate in South Carolina.</p><h3>Do you handle insurance claims in Georgetown County?</h3><p>Yes — we work directly with insurance carriers and adjusters to document and restore covered damage.</p>","<iframe src=""https://maps.google.com/maps?q=Georgetown+County%2C+SC&z=10&output=embed"" width=""100%"" height=""450"" style=""border:0;"" allowfullscreen="""" loading=""lazy"" referrerpolicy=""no-referrer-when-downgrade"" title=""Map of Georgetown County, SC""></iframe>","Roof Inspection","Georgetown County"
"212391109527","roof-inspection-georgetown","2026-05-06 19:22:35","Roof Inspection in Georgetown","0","2026-05-08 16:20:34","Roof Inspection in Georgetown","Roof Inspection in Georgetown, SC | Linta Roofing","Linta Roofing provides roof inspection in Georgetown, South Carolina. Licensed, insured, and built for coastal Carolina conditions — get a free estimate today.","Roof Inspection in Georgetown, SC","<p>Roof Inspection in Georgetown requires more than standard expertise. Linta Roofing's local team understands the specific challenges Georgetown homes face — from coastal weather to neighborhood-specific architecture — and delivers a free 21-point inspection report within 60 to 90 minutes. From the first inspection to the final cleanup, every project is built to last.</p>","<h3>How long does roof inspection take in Georgetown?</h3><p>Linta Roofing typically delivers a free 21-point inspection report within 60 to 90 minutes. We'll confirm exact timing during your free inspection.</p><h3>Are you licensed in South Carolina?</h3><p>Yes. Linta Roofing is fully licensed and insured to operate in South Carolina.</p><h3>Do you handle insurance claims in Georgetown?</h3><p>Yes — we work directly with insurance carriers and adjusters to document and restore covered damage.</p>","<iframe src=""https://maps.google.com/maps?q=Georgetown%2C+SC&z=12&output=embed"" width=""100%"" height=""450"" style=""border:0;"" allowfullscreen="""" loading=""lazy"" referrerpolicy=""no-referrer-when-downgrade"" title=""Map of Georgetown, SC""></iframe>","Roof Inspection","Georgetown"
"212391109528","roof-inspection-marion-county","2026-05-06 19:22:35","Roof Inspection in Marion County","0","2026-05-08 16:20:34","Roof Inspection in Marion County","Roof Inspection in Marion County, SC | Linta Roofing","Linta Roofing provides roof inspection across Marion County, South Carolina. Licensed, insured, and built for coastal Carolina conditions — get a free estimate today.","Roof Inspection in Marion County, SC","<p>Roof Inspection across Marion County demands more than a one-size-fits-all approach. Linta Roofing's local team understands the range of homes and weather conditions across the county — from inland properties to oceanfront communities — and delivers a free 21-point inspection report within 60 to 90 minutes. From the first inspection to the final cleanup, every project is built to last.</p>","<h3>How long does roof inspection take in Marion County?</h3><p>Linta Roofing typically delivers a free 21-point inspection report within 60 to 90 minutes. We'll confirm exact timing during your free inspection.</p><h3>Are you licensed in South Carolina?</h3><p>Yes. Linta Roofing is fully licensed and insured to operate in South Carolina.</p><h3>Do you handle insurance claims in Marion County?</h3><p>Yes — we work directly with insurance carriers and adjusters to document and restore covered damage.</p>","<iframe src=""https://maps.google.com/maps?q=Marion+County%2C+SC&z=10&output=embed"" width=""100%"" height=""450"" style=""border:0;"" allowfullscreen="""" loading=""lazy"" referrerpolicy=""no-referrer-when-downgrade"" title=""Map of Marion County, SC""></iframe>","Roof Inspection","Marion County"
"212391109529","storm-damage-repair-myrtle-beach","2026-05-06 19:22:35","Storm Damage in Myrtle Beach","0","2026-05-08 18:42:42","Storm Damage in Myrtle Beach","Storm Damage in Myrtle Beach, SC | Linta Roofing","Linta Roofing provides storm damage restoration in Myrtle Beach, South Carolina. Licensed, insured, and built for coastal Carolina conditions — get a free estimate today.","Storm Damage Repair in Myrtle Beach, SC","<p>Storm Damage Restoration in Myrtle Beach requires more than standard expertise. Linta Roofing's local team understands the specific challenges Myrtle Beach homes face — from coastal weather to neighborhood-specific architecture — and completes a full damage assessment and emergency tarping within 48 hours. From the first inspection to the final cleanup, every project is built to last.</p>","<h3>How long does storm damage restoration take in Myrtle Beach?</h3><p>Linta Roofing typically completes a full damage assessment and emergency tarping within 48 hours. We'll confirm exact timing during your free inspection.</p><h3>Are you licensed in South Carolina?</h3><p>Yes. Linta Roofing is fully licensed and insured to operate in South Carolina.</p><h3>Do you handle insurance claims in Myrtle Beach?</h3><p>Yes — we work directly with insurance carriers and adjusters to document and restore covered damage.</p>","<iframe src=""https://maps.google.com/maps?q=Myrtle+Beach%2C+SC&z=12&output=embed"" width=""100%"" height=""450"" style=""border:0;"" allowfullscreen="""" loading=""lazy"" referrerpolicy=""no-referrer-when-downgrade"" title=""Map of Myrtle Beach, SC""></iframe>","Storm Damage","Myrtle Beach"
"212391109530","storm-damage-repair-surfside-beach","2026-05-06 19:22:35","Storm Damage in Surfside Beach","0","2026-05-08 18:42:51","Storm Damage in Surfside Beach","Storm Damage in Surfside Beach, SC | Linta Roofing","Linta Roofing provides storm damage restoration in Surfside Beach, South Carolina. Licensed, insured, and built for coastal Carolina conditions — get a free estimate today.","Storm Damage Repair in Surfside Beach, SC","<p>Storm Damage Restoration in Surfside Beach requires more than standard expertise. Linta Roofing's local team understands the specific challenges Surfside Beach homes face — from coastal weather to neighborhood-specific architecture — and completes a full damage assessment and emergency tarping within 48 hours. From the first inspection to the final cleanup, every project is built to last.</p>","<h3>How long does storm damage restoration take in Surfside Beach?</h3><p>Linta Roofing typically completes a full damage assessment and emergency tarping within 48 hours. We'll confirm exact timing during your free inspection.</p><h3>Are you licensed in South Carolina?</h3><p>Yes. Linta Roofing is fully licensed and insured to operate in South Carolina.</p><h3>Do you handle insurance claims in Surfside Beach?</h3><p>Yes — we work directly with insurance carriers and adjusters to document and restore covered damage.</p>","<iframe src=""https://maps.google.com/maps?q=Surfside+Beach%2C+SC&z=12&output=embed"" width=""100%"" height=""450"" style=""border:0;"" allowfullscreen="""" loading=""lazy"" referrerpolicy=""no-referrer-when-downgrade"" title=""Map of Surfside Beach, SC""></iframe>","Storm Damage","Surfside Beach"
"212391109531","storm-damage-repair-murrells-inlet","2026-05-06 19:22:35","Storm Damage in Murrells Inlet","0","2026-05-08 18:42:56","Storm Damage in Murrells Inlet","Storm Damage in Murrells Inlet, SC | Linta Roofing","Linta Roofing provides storm damage restoration in Murrells Inlet, South Carolina. Licensed, insured, and built for coastal Carolina conditions — get a free estimate today.","Storm Damage Repair in Murrells Inlet, SC","<p>Storm Damage Restoration in Murrells Inlet requires more than standard expertise. Linta Roofing's local team understands the specific challenges Murrells Inlet homes face — from coastal weather to neighborhood-specific architecture — and completes a full damage assessment and emergency tarping within 48 hours. From the first inspection to the final cleanup, every project is built to last.</p>","<h3>How long does storm damage restoration take in Murrells Inlet?</h3><p>Linta Roofing typically completes a full damage assessment and emergency tarping within 48 hours. We'll confirm exact timing during your free inspection.</p><h3>Are you licensed in South Carolina?</h3><p>Yes. Linta Roofing is fully licensed and insured to operate in South Carolina.</p><h3>Do you handle insurance claims in Murrells Inlet?</h3><p>Yes — we work directly with insurance carriers and adjusters to document and restore covered damage.</p>","<iframe src=""https://maps.google.com/maps?q=Murrells+Inlet%2C+SC&z=12&output=embed"" width=""100%"" height=""450"" style=""border:0;"" allowfullscreen="""" loading=""lazy"" referrerpolicy=""no-referrer-when-downgrade"" title=""Map of Murrells Inlet, SC""></iframe>","Storm Damage","Murrells Inlet"
"212391109532","storm-damage-repair-carolina-forest","2026-05-06 19:22:35","Storm Damage in Carolina Forest","0","2026-05-08 18:42:59","Storm Damage in Carolina Forest","Storm Damage in Carolina Forest, SC | Linta Roofing","Linta Roofing provides storm damage restoration in Carolina Forest, South Carolina. Licensed, insured, and built for coastal Carolina conditions — get a free estimate today.","Storm Damage Repair in Carolina Forest, SC","<p>Storm Damage Restoration in Carolina Forest requires more than standard expertise. Linta Roofing's local team understands the specific challenges Carolina Forest homes face — from coastal weather to neighborhood-specific architecture — and completes a full damage assessment and emergency tarping within 48 hours. From the first inspection to the final cleanup, every project is built to last.</p>","<h3>How long does storm damage restoration take in Carolina Forest?</h3><p>Linta Roofing typically completes a full damage assessment and emergency tarping within 48 hours. We'll confirm exact timing during your free inspection.</p><h3>Are you licensed in South Carolina?</h3><p>Yes. Linta Roofing is fully licensed and insured to operate in South Carolina.</p><h3>Do you handle insurance claims in Carolina Forest?</h3><p>Yes — we work directly with insurance carriers and adjusters to document and restore covered damage.</p>","<iframe src=""https://maps.google.com/maps?q=Carolina+Forest%2C+SC&z=12&output=embed"" width=""100%"" height=""450"" style=""border:0;"" allowfullscreen="""" loading=""lazy"" referrerpolicy=""no-referrer-when-downgrade"" title=""Map of Carolina Forest, SC""></iframe>","Storm Damage","Carolina Forest"
"212391109533","storm-damage-repair-conway","2026-05-06 19:22:35","Storm Damage in Conway","0","2026-05-08 18:43:10","Storm Damage in Conway","Storm Damage in Conway, SC | Linta Roofing","Linta Roofing provides storm damage restoration in Conway, South Carolina. Licensed, insured, and built for coastal Carolina conditions — get a free estimate today.","Storm Damage Repair in Conway, SC","<p>Storm Damage Restoration in Conway requires more than standard expertise. Linta Roofing's local team understands the specific challenges Conway homes face — from coastal weather to neighborhood-specific architecture — and completes a full damage assessment and emergency tarping within 48 hours. From the first inspection to the final cleanup, every project is built to last.</p>","<h3>How long does storm damage restoration take in Conway?</h3><p>Linta Roofing typically completes a full damage assessment and emergency tarping within 48 hours. We'll confirm exact timing during your free inspection.</p><h3>Are you licensed in South Carolina?</h3><p>Yes. Linta Roofing is fully licensed and insured to operate in South Carolina.</p><h3>Do you handle insurance claims in Conway?</h3><p>Yes — we work directly with insurance carriers and adjusters to document and restore covered damage.</p>","<iframe src=""https://maps.google.com/maps?q=Conway%2C+SC&z=12&output=embed"" width=""100%"" height=""450"" style=""border:0;"" allowfullscreen="""" loading=""lazy"" referrerpolicy=""no-referrer-when-downgrade"" title=""Map of Conway, SC""></iframe>","Storm Damage","Conway"
"212391109534","storm-damage-repair-north-myrtle-beach","2026-05-06 19:22:35","Storm Damage in North Myrtle Beach","0","2026-05-08 18:43:15","Storm Damage in North Myrtle Beach","Storm Damage in North Myrtle Beach, SC | Linta Roofing","Linta Roofing provides storm damage restoration in North Myrtle Beach, South Carolina. Licensed, insured, and built for coastal Carolina conditions — get a free estimate today.","Storm Damage Repair in North Myrtle Beach, SC","<p>Storm Damage Restoration in North Myrtle Beach requires more than standard expertise. Linta Roofing's local team understands the specific challenges North Myrtle Beach homes face — from coastal weather to neighborhood-specific architecture — and completes a full damage assessment and emergency tarping within 48 hours. From the first inspection to the final cleanup, every project is built to last.</p>","<h3>How long does storm damage restoration take in North Myrtle Beach?</h3><p>Linta Roofing typically completes a full damage assessment and emergency tarping within 48 hours. We'll confirm exact timing during your free inspection.</p><h3>Are you licensed in South Carolina?</h3><p>Yes. Linta Roofing is fully licensed and insured to operate in South Carolina.</p><h3>Do you handle insurance claims in North Myrtle Beach?</h3><p>Yes — we work directly with insurance carriers and adjusters to document and restore covered damage.</p>","<iframe src=""https://maps.google.com/maps?q=North+Myrtle+Beach%2C+SC&z=12&output=embed"" width=""100%"" height=""450"" style=""border:0;"" allowfullscreen="""" loading=""lazy"" referrerpolicy=""no-referrer-when-downgrade"" title=""Map of North Myrtle Beach, SC""></iframe>","Storm Damage","North Myrtle Beach"
"212391109535","storm-damage-repair-little-river","2026-05-06 19:22:35","Storm Damage in Little River","0","2026-05-08 18:43:19","Storm Damage in Little River","Storm Damage in Little River, SC | Linta Roofing","Linta Roofing provides storm damage restoration in Little River, South Carolina. Licensed, insured, and built for coastal Carolina conditions — get a free estimate today.","Storm Damage Repair in Little River, SC","<p>Storm Damage Restoration in Little River requires more than standard expertise. Linta Roofing's local team understands the specific challenges Little River homes face — from coastal weather to neighborhood-specific architecture — and completes a full damage assessment and emergency tarping within 48 hours. From the first inspection to the final cleanup, every project is built to last.</p>","<h3>How long does storm damage restoration take in Little River?</h3><p>Linta Roofing typically completes a full damage assessment and emergency tarping within 48 hours. We'll confirm exact timing during your free inspection.</p><h3>Are you licensed in South Carolina?</h3><p>Yes. Linta Roofing is fully licensed and insured to operate in South Carolina.</p><h3>Do you handle insurance claims in Little River?</h3><p>Yes — we work directly with insurance carriers and adjusters to document and restore covered damage.</p>","<iframe src=""https://maps.google.com/maps?q=Little+River%2C+SC&z=12&output=embed"" width=""100%"" height=""450"" style=""border:0;"" allowfullscreen="""" loading=""lazy"" referrerpolicy=""no-referrer-when-downgrade"" title=""Map of Little River, SC""></iframe>","Storm Damage","Little River"
"212391109536","storm-damage-repair-ocean-isle-beach","2026-05-06 19:22:35","Storm Damage in Ocean Isle Beach","0","2026-05-08 18:43:31","Storm Damage in Ocean Isle Beach","Storm Damage in Ocean Isle Beach, NC | Linta Roofing","Linta Roofing provides storm damage restoration in Ocean Isle Beach, North Carolina. Licensed, insured, and built for coastal Carolina conditions — get a free estimate today.","Storm Damage Repair in Ocean Isle Beach, NC","<p>Storm Damage Restoration in Ocean Isle Beach requires more than standard expertise. Linta Roofing's local team understands the specific challenges Ocean Isle Beach homes face — from coastal weather to neighborhood-specific architecture — and completes a full damage assessment and emergency tarping within 48 hours. From the first inspection to the final cleanup, every project is built to last.</p>","<h3>How long does storm damage restoration take in Ocean Isle Beach?</h3><p>Linta Roofing typically completes a full damage assessment and emergency tarping within 48 hours. We'll confirm exact timing during your free inspection.</p><h3>Are you licensed in North Carolina?</h3><p>Yes. Linta Roofing is fully licensed and insured to operate in North Carolina.</p><h3>Do you handle insurance claims in Ocean Isle Beach?</h3><p>Yes — we work directly with insurance carriers and adjusters to document and restore covered damage.</p>","<iframe src=""https://maps.google.com/maps?q=Ocean+Isle+Beach%2C+NC&z=12&output=embed"" width=""100%"" height=""450"" style=""border:0;"" allowfullscreen="""" loading=""lazy"" referrerpolicy=""no-referrer-when-downgrade"" title=""Map of Ocean Isle Beach, NC""></iframe>","Storm Damage","Ocean Isle Beach"
"212391109537","storm-damage-repair-holden-beach","2026-05-06 19:22:35","Storm Damage in Holden Beach","0","2026-05-08 18:43:35","Storm Damage in Holden Beach","Storm Damage in Holden Beach, NC | Linta Roofing","Linta Roofing provides storm damage restoration in Holden Beach, North Carolina. Licensed, insured, and built for coastal Carolina conditions — get a free estimate today.","Storm Damage Repair in Holden Beach, NC","<p>Storm Damage Restoration in Holden Beach requires more than standard expertise. Linta Roofing's local team understands the specific challenges Holden Beach homes face — from coastal weather to neighborhood-specific architecture — and completes a full damage assessment and emergency tarping within 48 hours. From the first inspection to the final cleanup, every project is built to last.</p>","<h3>How long does storm damage restoration take in Holden Beach?</h3><p>Linta Roofing typically completes a full damage assessment and emergency tarping within 48 hours. We'll confirm exact timing during your free inspection.</p><h3>Are you licensed in North Carolina?</h3><p>Yes. Linta Roofing is fully licensed and insured to operate in North Carolina.</p><h3>Do you handle insurance claims in Holden Beach?</h3><p>Yes — we work directly with insurance carriers and adjusters to document and restore covered damage.</p>","<iframe src=""https://maps.google.com/maps?q=Holden+Beach%2C+NC&z=12&output=embed"" width=""100%"" height=""450"" style=""border:0;"" allowfullscreen="""" loading=""lazy"" referrerpolicy=""no-referrer-when-downgrade"" title=""Map of Holden Beach, NC""></iframe>","Storm Damage","Holden Beach"
"212391109538","storm-damage-repair-sunset-beach","2026-05-06 19:22:35","Storm Damage in Sunset Beach","0","2026-05-08 18:43:41","Storm Damage in Sunset Beach","Storm Damage in Sunset Beach, NC | Linta Roofing","Linta Roofing provides storm damage restoration in Sunset Beach, North Carolina. Licensed, insured, and built for coastal Carolina conditions — get a free estimate today.","Storm Damage Repair in Sunset Beach, NC","<p>Storm Damage Restoration in Sunset Beach requires more than standard expertise. Linta Roofing's local team understands the specific challenges Sunset Beach homes face — from coastal weather to neighborhood-specific architecture — and completes a full damage assessment and emergency tarping within 48 hours. From the first inspection to the final cleanup, every project is built to last.</p>","<h3>How long does storm damage restoration take in Sunset Beach?</h3><p>Linta Roofing typically completes a full damage assessment and emergency tarping within 48 hours. We'll confirm exact timing during your free inspection.</p><h3>Are you licensed in North Carolina?</h3><p>Yes. Linta Roofing is fully licensed and insured to operate in North Carolina.</p><h3>Do you handle insurance claims in Sunset Beach?</h3><p>Yes — we work directly with insurance carriers and adjusters to document and restore covered damage.</p>","<iframe src=""https://maps.google.com/maps?q=Sunset+Beach%2C+NC&z=12&output=embed"" width=""100%"" height=""450"" style=""border:0;"" allowfullscreen="""" loading=""lazy"" referrerpolicy=""no-referrer-when-downgrade"" title=""Map of Sunset Beach, NC""></iframe>","Storm Damage","Sunset Beach"
"212391109539","storm-damage-repair-oak-island","2026-05-06 19:22:35","Storm Damage in Oak Island","0","2026-05-08 19:51:49","Storm Damage in Oak Island","Storm Damage in Oak Island, NC | Linta Roofing","Linta Roofing provides storm damage restoration in Oak Island, North Carolina. Licensed, insured, and built for coastal Carolina conditions — get a free estimate today.","Storm Damage Repair in Oak Island, NC","<p>Storm Damage Restoration in Oak Island requires more than standard expertise. Linta Roofing's local team understands the specific challenges Oak Island homes face — from coastal weather to neighborhood-specific architecture — and completes a full damage assessment and emergency tarping within 48 hours. From the first inspection to the final cleanup, every project is built to last.</p>","<h3>How long does storm damage restoration take in Oak Island?</h3><p>Linta Roofing typically completes a full damage assessment and emergency tarping within 48 hours. We'll confirm exact timing during your free inspection.</p><h3>Are you licensed in North Carolina?</h3><p>Yes. Linta Roofing is fully licensed and insured to operate in North Carolina.</p><h3>Do you handle insurance claims in Oak Island?</h3><p>Yes — we work directly with insurance carriers and adjusters to document and restore covered damage.</p>","<iframe src=""https://maps.google.com/maps?q=Oak+Island%2C+NC&z=12&output=embed"" width=""100%"" height=""450"" style=""border:0;"" allowfullscreen="""" loading=""lazy"" referrerpolicy=""no-referrer-when-downgrade"" title=""Map of Oak Island, NC""></iframe>","Storm Damage","Oak Island"
"212391109540","storm-damage-repair-caswell-beach","2026-05-06 19:22:35","Storm Damage in Caswell Beach","0","2026-05-08 18:43:51","Storm Damage in Caswell Beach","Storm Damage in Caswell Beach, NC | Linta Roofing","Linta Roofing provides storm damage restoration in Caswell Beach, North Carolina. Licensed, insured, and built for coastal Carolina conditions — get a free estimate today.","Storm Damage Repair in Caswell Beach, NC","<p>Storm Damage Restoration in Caswell Beach requires more than standard expertise. Linta Roofing's local team understands the specific challenges Caswell Beach homes face — from coastal weather to neighborhood-specific architecture — and completes a full damage assessment and emergency tarping within 48 hours. From the first inspection to the final cleanup, every project is built to last.</p>","<h3>How long does storm damage restoration take in Caswell Beach?</h3><p>Linta Roofing typically completes a full damage assessment and emergency tarping within 48 hours. We'll confirm exact timing during your free inspection.</p><h3>Are you licensed in North Carolina?</h3><p>Yes. Linta Roofing is fully licensed and insured to operate in North Carolina.</p><h3>Do you handle insurance claims in Caswell Beach?</h3><p>Yes — we work directly with insurance carriers and adjusters to document and restore covered damage.</p>","<iframe src=""https://maps.google.com/maps?q=Caswell+Beach%2C+NC&z=12&output=embed"" width=""100%"" height=""450"" style=""border:0;"" allowfullscreen="""" loading=""lazy"" referrerpolicy=""no-referrer-when-downgrade"" title=""Map of Caswell Beach, NC""></iframe>","Storm Damage","Caswell Beach"
"212391109541","storm-damage-repair-long-beach","2026-05-06 19:22:35","Storm Damage in Long Beach","0","2026-05-08 19:39:21","Storm Damage in Long Beach","Storm Damage in Long Beach, NC | Linta Roofing","Linta Roofing provides storm damage restoration in Long Beach, North Carolina. Licensed, insured, and built for coastal Carolina conditions — get a free estimate today.","Storm Damage Repair in Long Beach, NC","<p>Storm Damage Restoration in Long Beach requires more than standard expertise. Linta Roofing's local team understands the specific challenges Long Beach homes face — from coastal weather to neighborhood-specific architecture — and completes a full damage assessment and emergency tarping within 48 hours. From the first inspection to the final cleanup, every project is built to last.</p>","<h3>How long does storm damage restoration take in Long Beach?</h3><p>Linta Roofing typically completes a full damage assessment and emergency tarping within 48 hours. We'll confirm exact timing during your free inspection.</p><h3>Are you licensed in North Carolina?</h3><p>Yes. Linta Roofing is fully licensed and insured to operate in North Carolina.</p><h3>Do you handle insurance claims in Long Beach?</h3><p>Yes — we work directly with insurance carriers and adjusters to document and restore covered damage.</p>","<iframe src=""https://maps.google.com/maps?q=Long+Beach%2C+NC&z=12&output=embed"" width=""100%"" height=""450"" style=""border:0;"" allowfullscreen="""" loading=""lazy"" referrerpolicy=""no-referrer-when-downgrade"" title=""Map of Long Beach, NC""></iframe>","Storm Damage","Long Beach"
"212391109542","storm-damage-repair-brunswick-county","2026-05-06 19:22:35","Storm Damage in Brunswick County","0","2026-05-08 18:44:00","Storm Damage in Brunswick County","Storm Damage in Brunswick County, NC | Linta Roofing","Linta Roofing provides storm damage restoration across Brunswick County, North Carolina. Licensed, insured, and built for coastal Carolina conditions — get a free estimate today.","Storm Damage Repair in Brunswick County, NC","<p>Storm Damage Restoration across Brunswick County demands more than a one-size-fits-all approach. Linta Roofing's local team understands the range of homes and weather conditions across the county — from inland properties to oceanfront communities — and completes a full damage assessment and emergency tarping within 48 hours. From the first inspection to the final cleanup, every project is built to last.</p>","<h3>How long does storm damage restoration take in Brunswick County?</h3><p>Linta Roofing typically completes a full damage assessment and emergency tarping within 48 hours. We'll confirm exact timing during your free inspection.</p><h3>Are you licensed in North Carolina?</h3><p>Yes. Linta Roofing is fully licensed and insured to operate in North Carolina.</p><h3>Do you handle insurance claims in Brunswick County?</h3><p>Yes — we work directly with insurance carriers and adjusters to document and restore covered damage.</p>","<iframe src=""https://maps.google.com/maps?q=Brunswick+County%2C+NC&z=10&output=embed"" width=""100%"" height=""450"" style=""border:0;"" allowfullscreen="""" loading=""lazy"" referrerpolicy=""no-referrer-when-downgrade"" title=""Map of Brunswick County, NC""></iframe>","Storm Damage","Brunswick County"
"212391109543","storm-damage-repair-columbus-county","2026-05-06 19:22:35","Storm Damage in Columbus County","0","2026-05-08 18:44:05","Storm Damage in Columbus County","Storm Damage in Columbus County, NC | Linta Roofing","Linta Roofing provides storm damage restoration across Columbus County, North Carolina. Licensed, insured, and built for coastal Carolina conditions — get a free estimate today.","Storm Damage Repair in Columbus County, NC","<p>Storm Damage Restoration across Columbus County demands more than a one-size-fits-all approach. Linta Roofing's local team understands the range of homes and weather conditions across the county — from inland properties to oceanfront communities — and completes a full damage assessment and emergency tarping within 48 hours. From the first inspection to the final cleanup, every project is built to last.</p>","<h3>How long does storm damage restoration take in Columbus County?</h3><p>Linta Roofing typically completes a full damage assessment and emergency tarping within 48 hours. We'll confirm exact timing during your free inspection.</p><h3>Are you licensed in North Carolina?</h3><p>Yes. Linta Roofing is fully licensed and insured to operate in North Carolina.</p><h3>Do you handle insurance claims in Columbus County?</h3><p>Yes — we work directly with insurance carriers and adjusters to document and restore covered damage.</p>","<iframe src=""https://maps.google.com/maps?q=Columbus+County%2C+NC&z=10&output=embed"" width=""100%"" height=""450"" style=""border:0;"" allowfullscreen="""" loading=""lazy"" referrerpolicy=""no-referrer-when-downgrade"" title=""Map of Columbus County, NC""></iframe>","Storm Damage","Columbus County"
"212391109544","storm-damage-repair-georgetown-county","2026-05-06 19:22:35","Storm Damage in Georgetown County","0","2026-05-08 19:52:04","Storm Damage in Georgetown County","Storm Damage in Georgetown County, SC | Linta Roofing","Linta Roofing provides storm damage restoration across Georgetown County, South Carolina. Licensed, insured, and built for coastal Carolina conditions — get a free estimate today.","Storm Damage Repair in Georgetown County, SC","<p>Storm Damage Restoration across Georgetown County demands more than a one-size-fits-all approach. Linta Roofing's local team understands the range of homes and weather conditions across the county — from inland properties to oceanfront communities — and completes a full damage assessment and emergency tarping within 48 hours. From the first inspection to the final cleanup, every project is built to last.</p>","<h3>How long does storm damage restoration take in Georgetown County?</h3><p>Linta Roofing typically completes a full damage assessment and emergency tarping within 48 hours. We'll confirm exact timing during your free inspection.</p><h3>Are you licensed in South Carolina?</h3><p>Yes. Linta Roofing is fully licensed and insured to operate in South Carolina.</p><h3>Do you handle insurance claims in Georgetown County?</h3><p>Yes — we work directly with insurance carriers and adjusters to document and restore covered damage.</p>","<iframe src=""https://maps.google.com/maps?q=Georgetown+County%2C+SC&z=10&output=embed"" width=""100%"" height=""450"" style=""border:0;"" allowfullscreen="""" loading=""lazy"" referrerpolicy=""no-referrer-when-downgrade"" title=""Map of Georgetown County, SC""></iframe>","Storm Damage","Georgetown County"
"212391109545","storm-damage-repair-georgetown","2026-05-06 19:22:35","Storm Damage in Georgetown","0","2026-05-08 18:44:14","Storm Damage in Georgetown","Storm Damage in Georgetown, SC | Linta Roofing","Linta Roofing provides storm damage restoration in Georgetown, South Carolina. Licensed, insured, and built for coastal Carolina conditions — get a free estimate today.","Storm Damage Repair in Georgetown, SC","<p>Storm Damage Restoration in Georgetown requires more than standard expertise. Linta Roofing's local team understands the specific challenges Georgetown homes face — from coastal weather to neighborhood-specific architecture — and completes a full damage assessment and emergency tarping within 48 hours. From the first inspection to the final cleanup, every project is built to last.</p>","<h3>How long does storm damage restoration take in Georgetown?</h3><p>Linta Roofing typically completes a full damage assessment and emergency tarping within 48 hours. We'll confirm exact timing during your free inspection.</p><h3>Are you licensed in South Carolina?</h3><p>Yes. Linta Roofing is fully licensed and insured to operate in South Carolina.</p><h3>Do you handle insurance claims in Georgetown?</h3><p>Yes — we work directly with insurance carriers and adjusters to document and restore covered damage.</p>","<iframe src=""https://maps.google.com/maps?q=Georgetown%2C+SC&z=12&output=embed"" width=""100%"" height=""450"" style=""border:0;"" allowfullscreen="""" loading=""lazy"" referrerpolicy=""no-referrer-when-downgrade"" title=""Map of Georgetown, SC""></iframe>","Storm Damage","Georgetown"
"212391109546","storm-damage-repair-marion-county","2026-05-06 19:22:35","Storm Damage in Marion County","0","2026-05-08 18:44:20","Storm Damage in Marion County","Storm Damage in Marion County, SC | Linta Roofing","Linta Roofing provides storm damage restoration across Marion County, South Carolina. Licensed, insured, and built for coastal Carolina conditions — get a free estimate today.","Storm Damage Repair in Marion County, SC","<p>Storm Damage Restoration across Marion County demands more than a one-size-fits-all approach. Linta Roofing's local team understands the range of homes and weather conditions across the county — from inland properties to oceanfront communities — and completes a full damage assessment and emergency tarping within 48 hours. From the first inspection to the final cleanup, every project is built to last.</p>","<h3>How long does storm damage restoration take in Marion County?</h3><p>Linta Roofing typically completes a full damage assessment and emergency tarping within 48 hours. We'll confirm exact timing during your free inspection.</p><h3>Are you licensed in South Carolina?</h3><p>Yes. Linta Roofing is fully licensed and insured to operate in South Carolina.</p><h3>Do you handle insurance claims in Marion County?</h3><p>Yes — we work directly with insurance carriers and adjusters to document and restore covered damage.</p>","<iframe src=""https://maps.google.com/maps?q=Marion+County%2C+SC&z=10&output=embed"" width=""100%"" height=""450"" style=""border:0;"" allowfullscreen="""" loading=""lazy"" referrerpolicy=""no-referrer-when-downgrade"" title=""Map of Marion County, SC""></iframe>","Storm Damage","Marion County"
"212391109547","metal-roofing-myrtle-beach","2026-05-06 19:22:35","Metal Roofing in Myrtle Beach","0","2026-05-08 16:20:34","Metal Roofing in Myrtle Beach","Metal Roofing in Myrtle Beach, SC | Linta Roofing","Linta Roofing provides metal roofing in Myrtle Beach, South Carolina. Licensed, insured, and built for coastal Carolina conditions — get a free estimate today.","Metal Roofing in Myrtle Beach, SC","<p>Metal Roofing in Myrtle Beach requires more than standard expertise. Linta Roofing's local team understands the specific challenges Myrtle Beach homes face — from coastal weather to neighborhood-specific architecture — and completes most metal roof installations within three to five days. From the first inspection to the final cleanup, every project is built to last.</p>","<h3>How long does metal roofing take in Myrtle Beach?</h3><p>Linta Roofing typically completes most metal roof installations within three to five days. We'll confirm exact timing during your free inspection.</p><h3>Are you licensed in South Carolina?</h3><p>Yes. Linta Roofing is fully licensed and insured to operate in South Carolina.</p><h3>Do you handle insurance claims in Myrtle Beach?</h3><p>Yes — we work directly with insurance carriers and adjusters to document and restore covered damage.</p>","<iframe src=""https://maps.google.com/maps?q=Myrtle+Beach%2C+SC&z=12&output=embed"" width=""100%"" height=""450"" style=""border:0;"" allowfullscreen="""" loading=""lazy"" referrerpolicy=""no-referrer-when-downgrade"" title=""Map of Myrtle Beach, SC""></iframe>","Metal Roofing","Myrtle Beach"
"212391109548","metal-roofing-surfside-beach","2026-05-06 19:22:35","Metal Roofing in Surfside Beach","0","2026-05-08 16:20:34","Metal Roofing in Surfside Beach","Metal Roofing in Surfside Beach, SC | Linta Roofing","Linta Roofing provides metal roofing in Surfside Beach, South Carolina. Licensed, insured, and built for coastal Carolina conditions — get a free estimate today.","Metal Roofing in Surfside Beach, SC","<p>Metal Roofing in Surfside Beach requires more than standard expertise. Linta Roofing's local team understands the specific challenges Surfside Beach homes face — from coastal weather to neighborhood-specific architecture — and completes most metal roof installations within three to five days. From the first inspection to the final cleanup, every project is built to last.</p>","<h3>How long does metal roofing take in Surfside Beach?</h3><p>Linta Roofing typically completes most metal roof installations within three to five days. We'll confirm exact timing during your free inspection.</p><h3>Are you licensed in South Carolina?</h3><p>Yes. Linta Roofing is fully licensed and insured to operate in South Carolina.</p><h3>Do you handle insurance claims in Surfside Beach?</h3><p>Yes — we work directly with insurance carriers and adjusters to document and restore covered damage.</p>","<iframe src=""https://maps.google.com/maps?q=Surfside+Beach%2C+SC&z=12&output=embed"" width=""100%"" height=""450"" style=""border:0;"" allowfullscreen="""" loading=""lazy"" referrerpolicy=""no-referrer-when-downgrade"" title=""Map of Surfside Beach, SC""></iframe>","Metal Roofing","Surfside Beach"
"212391109549","metal-roofing-murrells-inlet","2026-05-06 19:22:35","Metal Roofing in Murrells Inlet","0","2026-05-08 18:48:03","Metal Roofing in Murrells Inlet","Metal Roofing in Murrells Inlet, SC | Linta Roofing","Linta Roofing provides metal roofing in Murrells Inlet, South Carolina. Licensed, insured, and built for coastal Carolina conditions — get a free estimate today.","Metal Roofing in Murrells Inlet, SC","<p>Metal Roofing in Murrells Inlet requires more than standard expertise. Linta Roofing's local team understands the specific challenges Murrells Inlet homes face — from coastal weather to neighborhood-specific architecture — and completes most metal roof installations within three to five days. From the first inspection to the final cleanup, every project is built to last.</p>","<h3>How long does metal roofing take in Murrells Inlet?</h3><p>Linta Roofing typically completes most metal roof installations within three to five days. We'll confirm exact timing during your free inspection.</p><h3>Are you licensed in South Carolina?</h3><p>Yes. Linta Roofing is fully licensed and insured to operate in South Carolina.</p><h3>Do you handle insurance claims in Murrells Inlet?</h3><p>Yes — we work directly with insurance carriers and adjusters to document and restore covered damage.</p>","<iframe src=""https://maps.google.com/maps?q=Murrells+Inlet%2C+SC&z=12&output=embed"" width=""100%"" height=""450"" style=""border:0;"" allowfullscreen="""" loading=""lazy"" referrerpolicy=""no-referrer-when-downgrade"" title=""Map of Murrells Inlet, SC""></iframe>","Metal Roofing","Murrells Inlet"
"212391109550","metal-roofing-carolina-forest","2026-05-06 19:22:35","Metal Roofing in Carolina Forest","0","2026-05-08 16:20:34","Metal Roofing in Carolina Forest","Metal Roofing in Carolina Forest, SC | Linta Roofing","Linta Roofing provides metal roofing in Carolina Forest, South Carolina. Licensed, insured, and built for coastal Carolina conditions — get a free estimate today.","Metal Roofing in Carolina Forest, SC","<p>Metal Roofing in Carolina Forest requires more than standard expertise. Linta Roofing's local team understands the specific challenges Carolina Forest homes face — from coastal weather to neighborhood-specific architecture — and completes most metal roof installations within three to five days. From the first inspection to the final cleanup, every project is built to last.</p>","<h3>How long does metal roofing take in Carolina Forest?</h3><p>Linta Roofing typically completes most metal roof installations within three to five days. We'll confirm exact timing during your free inspection.</p><h3>Are you licensed in South Carolina?</h3><p>Yes. Linta Roofing is fully licensed and insured to operate in South Carolina.</p><h3>Do you handle insurance claims in Carolina Forest?</h3><p>Yes — we work directly with insurance carriers and adjusters to document and restore covered damage.</p>","<iframe src=""https://maps.google.com/maps?q=Carolina+Forest%2C+SC&z=12&output=embed"" width=""100%"" height=""450"" style=""border:0;"" allowfullscreen="""" loading=""lazy"" referrerpolicy=""no-referrer-when-downgrade"" title=""Map of Carolina Forest, SC""></iframe>","Metal Roofing","Carolina Forest"
"212391109551","metal-roofing-conway","2026-05-06 19:22:35","Metal Roofing in Conway","0","2026-05-08 16:20:34","Metal Roofing in Conway","Metal Roofing in Conway, SC | Linta Roofing","Linta Roofing provides metal roofing in Conway, South Carolina. Licensed, insured, and built for coastal Carolina conditions — get a free estimate today.","Metal Roofing in Conway, SC","<p>Metal Roofing in Conway requires more than standard expertise. Linta Roofing's local team understands the specific challenges Conway homes face — from coastal weather to neighborhood-specific architecture — and completes most metal roof installations within three to five days. From the first inspection to the final cleanup, every project is built to last.</p>","<h3>How long does metal roofing take in Conway?</h3><p>Linta Roofing typically completes most metal roof installations within three to five days. We'll confirm exact timing during your free inspection.</p><h3>Are you licensed in South Carolina?</h3><p>Yes. Linta Roofing is fully licensed and insured to operate in South Carolina.</p><h3>Do you handle insurance claims in Conway?</h3><p>Yes — we work directly with insurance carriers and adjusters to document and restore covered damage.</p>","<iframe src=""https://maps.google.com/maps?q=Conway%2C+SC&z=12&output=embed"" width=""100%"" height=""450"" style=""border:0;"" allowfullscreen="""" loading=""lazy"" referrerpolicy=""no-referrer-when-downgrade"" title=""Map of Conway, SC""></iframe>","Metal Roofing","Conway"
"212391109552","metal-roofing-north-myrtle-beach","2026-05-06 19:22:35","Metal Roofing in North Myrtle Beach","0","2026-05-08 16:20:34","Metal Roofing in North Myrtle Beach","Metal Roofing in North Myrtle Beach, SC | Linta Roofing","Linta Roofing provides metal roofing in North Myrtle Beach, South Carolina. Licensed, insured, and built for coastal Carolina conditions — get a free estimate today.","Metal Roofing in North Myrtle Beach, SC","<p>Metal Roofing in North Myrtle Beach requires more than standard expertise. Linta Roofing's local team understands the specific challenges North Myrtle Beach homes face — from coastal weather to neighborhood-specific architecture — and completes most metal roof installations within three to five days. From the first inspection to the final cleanup, every project is built to last.</p>","<h3>How long does metal roofing take in North Myrtle Beach?</h3><p>Linta Roofing typically completes most metal roof installations within three to five days. We'll confirm exact timing during your free inspection.</p><h3>Are you licensed in South Carolina?</h3><p>Yes. Linta Roofing is fully licensed and insured to operate in South Carolina.</p><h3>Do you handle insurance claims in North Myrtle Beach?</h3><p>Yes — we work directly with insurance carriers and adjusters to document and restore covered damage.</p>","<iframe src=""https://maps.google.com/maps?q=North+Myrtle+Beach%2C+SC&z=12&output=embed"" width=""100%"" height=""450"" style=""border:0;"" allowfullscreen="""" loading=""lazy"" referrerpolicy=""no-referrer-when-downgrade"" title=""Map of North Myrtle Beach, SC""></iframe>","Metal Roofing","North Myrtle Beach"
"212391109553","metal-roofing-little-river","2026-05-06 19:22:35","Metal Roofing in Little River","0","2026-05-08 16:20:34","Metal Roofing in Little River","Metal Roofing in Little River, SC | Linta Roofing","Linta Roofing provides metal roofing in Little River, South Carolina. Licensed, insured, and built for coastal Carolina conditions — get a free estimate today.","Metal Roofing in Little River, SC","<p>Metal Roofing in Little River requires more than standard expertise. Linta Roofing's local team understands the specific challenges Little River homes face — from coastal weather to neighborhood-specific architecture — and completes most metal roof installations within three to five days. From the first inspection to the final cleanup, every project is built to last.</p>","<h3>How long does metal roofing take in Little River?</h3><p>Linta Roofing typically completes most metal roof installations within three to five days. We'll confirm exact timing during your free inspection.</p><h3>Are you licensed in South Carolina?</h3><p>Yes. Linta Roofing is fully licensed and insured to operate in South Carolina.</p><h3>Do you handle insurance claims in Little River?</h3><p>Yes — we work directly with insurance carriers and adjusters to document and restore covered damage.</p>","<iframe src=""https://maps.google.com/maps?q=Little+River%2C+SC&z=12&output=embed"" width=""100%"" height=""450"" style=""border:0;"" allowfullscreen="""" loading=""lazy"" referrerpolicy=""no-referrer-when-downgrade"" title=""Map of Little River, SC""></iframe>","Metal Roofing","Little River"
"212391109554","metal-roofing-ocean-isle-beach","2026-05-06 19:22:35","Metal Roofing in Ocean Isle Beach","0","2026-05-08 16:20:34","Metal Roofing in Ocean Isle Beach","Metal Roofing in Ocean Isle Beach, NC | Linta Roofing","Linta Roofing provides metal roofing in Ocean Isle Beach, North Carolina. Licensed, insured, and built for coastal Carolina conditions — get a free estimate today.","Metal Roofing in Ocean Isle Beach, NC","<p>Metal Roofing in Ocean Isle Beach requires more than standard expertise. Linta Roofing's local team understands the specific challenges Ocean Isle Beach homes face — from coastal weather to neighborhood-specific architecture — and completes most metal roof installations within three to five days. From the first inspection to the final cleanup, every project is built to last.</p>","<h3>How long does metal roofing take in Ocean Isle Beach?</h3><p>Linta Roofing typically completes most metal roof installations within three to five days. We'll confirm exact timing during your free inspection.</p><h3>Are you licensed in North Carolina?</h3><p>Yes. Linta Roofing is fully licensed and insured to operate in North Carolina.</p><h3>Do you handle insurance claims in Ocean Isle Beach?</h3><p>Yes — we work directly with insurance carriers and adjusters to document and restore covered damage.</p>","<iframe src=""https://maps.google.com/maps?q=Ocean+Isle+Beach%2C+NC&z=12&output=embed"" width=""100%"" height=""450"" style=""border:0;"" allowfullscreen="""" loading=""lazy"" referrerpolicy=""no-referrer-when-downgrade"" title=""Map of Ocean Isle Beach, NC""></iframe>","Metal Roofing","Ocean Isle Beach"
"212391109555","metal-roofing-holden-beach","2026-05-06 19:22:35","Metal Roofing in Holden Beach","0","2026-05-08 19:59:24","Metal Roofing in Holden Beach","Metal Roofing in Holden Beach, NC | Linta Roofing","Linta Roofing provides metal roofing in Holden Beach, North Carolina. Licensed, insured, and built for coastal Carolina conditions — get a free estimate today.","Metal Roofing in Holden Beach, NC","<p>Metal Roofing in Holden Beach requires more than standard expertise. Linta Roofing's local team understands the specific challenges Holden Beach homes face — from coastal weather to neighborhood-specific architecture — and completes most metal roof installations within three to five days. From the first inspection to the final cleanup, every project is built to last.</p>","<h3>How long does metal roofing take in Holden Beach?</h3><p>Linta Roofing typically completes most metal roof installations within three to five days. We'll confirm exact timing during your free inspection.</p><h3>Are you licensed in North Carolina?</h3><p>Yes. Linta Roofing is fully licensed and insured to operate in North Carolina.</p><h3>Do you handle insurance claims in Holden Beach?</h3><p>Yes — we work directly with insurance carriers and adjusters to document and restore covered damage.</p>","<iframe src=""https://maps.google.com/maps?q=Holden+Beach%2C+NC&z=12&output=embed"" width=""100%"" height=""450"" style=""border:0;"" allowfullscreen="""" loading=""lazy"" referrerpolicy=""no-referrer-when-downgrade"" title=""Map of Holden Beach, NC""></iframe>","Metal Roofing","Holden Beach"
"212391109556","metal-roofing-sunset-beach","2026-05-06 19:22:35","Metal Roofing in Sunset Beach","0","2026-05-08 16:20:34","Metal Roofing in Sunset Beach","Metal Roofing in Sunset Beach, NC | Linta Roofing","Linta Roofing provides metal roofing in Sunset Beach, North Carolina. Licensed, insured, and built for coastal Carolina conditions — get a free estimate today.","Metal Roofing in Sunset Beach, NC","<p>Metal Roofing in Sunset Beach requires more than standard expertise. Linta Roofing's local team understands the specific challenges Sunset Beach homes face — from coastal weather to neighborhood-specific architecture — and completes most metal roof installations within three to five days. From the first inspection to the final cleanup, every project is built to last.</p>","<h3>How long does metal roofing take in Sunset Beach?</h3><p>Linta Roofing typically completes most metal roof installations within three to five days. We'll confirm exact timing during your free inspection.</p><h3>Are you licensed in North Carolina?</h3><p>Yes. Linta Roofing is fully licensed and insured to operate in North Carolina.</p><h3>Do you handle insurance claims in Sunset Beach?</h3><p>Yes — we work directly with insurance carriers and adjusters to document and restore covered damage.</p>","<iframe src=""https://maps.google.com/maps?q=Sunset+Beach%2C+NC&z=12&output=embed"" width=""100%"" height=""450"" style=""border:0;"" allowfullscreen="""" loading=""lazy"" referrerpolicy=""no-referrer-when-downgrade"" title=""Map of Sunset Beach, NC""></iframe>","Metal Roofing","Sunset Beach"
"212391109557","metal-roofing-oak-island","2026-05-06 19:22:35","Metal Roofing in Oak Island","0","2026-05-08 19:36:37","Metal Roofing in Oak Island","Metal Roofing in Oak Island, NC | Linta Roofing","Linta Roofing provides metal roofing in Oak Island, North Carolina. Licensed, insured, and built for coastal Carolina conditions — get a free estimate today.","Metal Roofing in Oak Island, NC","<p>Metal Roofing in Oak Island requires more than standard expertise. Linta Roofing's local team understands the specific challenges Oak Island homes face — from coastal weather to neighborhood-specific architecture — and completes most metal roof installations within three to five days. From the first inspection to the final cleanup, every project is built to last.</p>","<h3>How long does metal roofing take in Oak Island?</h3><p>Linta Roofing typically completes most metal roof installations within three to five days. We'll confirm exact timing during your free inspection.</p><h3>Are you licensed in North Carolina?</h3><p>Yes. Linta Roofing is fully licensed and insured to operate in North Carolina.</p><h3>Do you handle insurance claims in Oak Island?</h3><p>Yes — we work directly with insurance carriers and adjusters to document and restore covered damage.</p>","<iframe src=""https://maps.google.com/maps?q=Oak+Island%2C+NC&z=12&output=embed"" width=""100%"" height=""450"" style=""border:0;"" allowfullscreen="""" loading=""lazy"" referrerpolicy=""no-referrer-when-downgrade"" title=""Map of Oak Island, NC""></iframe>","Metal Roofing","Oak Island"
"212391109558","metal-roofing-caswell-beach","2026-05-06 19:22:35","Metal Roofing in Caswell Beach","0","2026-05-08 16:20:34","Metal Roofing in Caswell Beach","Metal Roofing in Caswell Beach, NC | Linta Roofing","Linta Roofing provides metal roofing in Caswell Beach, North Carolina. Licensed, insured, and built for coastal Carolina conditions — get a free estimate today.","Metal Roofing in Caswell Beach, NC","<p>Metal Roofing in Caswell Beach requires more than standard expertise. Linta Roofing's local team understands the specific challenges Caswell Beach homes face — from coastal weather to neighborhood-specific architecture — and completes most metal roof installations within three to five days. From the first inspection to the final cleanup, every project is built to last.</p>","<h3>How long does metal roofing take in Caswell Beach?</h3><p>Linta Roofing typically completes most metal roof installations within three to five days. We'll confirm exact timing during your free inspection.</p><h3>Are you licensed in North Carolina?</h3><p>Yes. Linta Roofing is fully licensed and insured to operate in North Carolina.</p><h3>Do you handle insurance claims in Caswell Beach?</h3><p>Yes — we work directly with insurance carriers and adjusters to document and restore covered damage.</p>","<iframe src=""https://maps.google.com/maps?q=Caswell+Beach%2C+NC&z=12&output=embed"" width=""100%"" height=""450"" style=""border:0;"" allowfullscreen="""" loading=""lazy"" referrerpolicy=""no-referrer-when-downgrade"" title=""Map of Caswell Beach, NC""></iframe>","Metal Roofing","Caswell Beach"
"212391109559","metal-roofing-long-beach","2026-05-06 19:22:35","Metal Roofing in Long Beach","0","2026-05-08 16:20:34","Metal Roofing in Long Beach","Metal Roofing in Long Beach, NC | Linta Roofing","Linta Roofing provides metal roofing in Long Beach, North Carolina. Licensed, insured, and built for coastal Carolina conditions — get a free estimate today.","Metal Roofing in Long Beach, NC","<p>Metal Roofing in Long Beach requires more than standard expertise. Linta Roofing's local team understands the specific challenges Long Beach homes face — from coastal weather to neighborhood-specific architecture — and completes most metal roof installations within three to five days. From the first inspection to the final cleanup, every project is built to last.</p>","<h3>How long does metal roofing take in Long Beach?</h3><p>Linta Roofing typically completes most metal roof installations within three to five days. We'll confirm exact timing during your free inspection.</p><h3>Are you licensed in North Carolina?</h3><p>Yes. Linta Roofing is fully licensed and insured to operate in North Carolina.</p><h3>Do you handle insurance claims in Long Beach?</h3><p>Yes — we work directly with insurance carriers and adjusters to document and restore covered damage.</p>","<iframe src=""https://maps.google.com/maps?q=Long+Beach%2C+NC&z=12&output=embed"" width=""100%"" height=""450"" style=""border:0;"" allowfullscreen="""" loading=""lazy"" referrerpolicy=""no-referrer-when-downgrade"" title=""Map of Long Beach, NC""></iframe>","Metal Roofing","Long Beach"
"212391109560","metal-roofing-brunswick-county","2026-05-06 19:22:35","Metal Roofing in Brunswick County","0","2026-05-08 16:20:34","Metal Roofing in Brunswick County","Metal Roofing in Brunswick County, NC | Linta Roofing","Linta Roofing provides metal roofing across Brunswick County, North Carolina. Licensed, insured, and built for coastal Carolina conditions — get a free estimate today.","Metal Roofing in Brunswick County, NC","<p>Metal Roofing across Brunswick County demands more than a one-size-fits-all approach. Linta Roofing's local team understands the range of homes and weather conditions across the county — from inland properties to oceanfront communities — and completes most metal roof installations within three to five days. From the first inspection to the final cleanup, every project is built to last.</p>","<h3>How long does metal roofing take in Brunswick County?</h3><p>Linta Roofing typically completes most metal roof installations within three to five days. We'll confirm exact timing during your free inspection.</p><h3>Are you licensed in North Carolina?</h3><p>Yes. Linta Roofing is fully licensed and insured to operate in North Carolina.</p><h3>Do you handle insurance claims in Brunswick County?</h3><p>Yes — we work directly with insurance carriers and adjusters to document and restore covered damage.</p>","<iframe src=""https://maps.google.com/maps?q=Brunswick+County%2C+NC&z=10&output=embed"" width=""100%"" height=""450"" style=""border:0;"" allowfullscreen="""" loading=""lazy"" referrerpolicy=""no-referrer-when-downgrade"" title=""Map of Brunswick County, NC""></iframe>","Metal Roofing","Brunswick County"
"212391109561","metal-roofing-columbus-county","2026-05-06 19:22:35","Metal Roofing in Columbus County","0","2026-05-08 16:20:34","Metal Roofing in Columbus County","Metal Roofing in Columbus County, NC | Linta Roofing","Linta Roofing provides metal roofing across Columbus County, North Carolina. Licensed, insured, and built for coastal Carolina conditions — get a free estimate today.","Metal Roofing in Columbus County, NC","<p>Metal Roofing across Columbus County demands more than a one-size-fits-all approach. Linta Roofing's local team understands the range of homes and weather conditions across the county — from inland properties to oceanfront communities — and completes most metal roof installations within three to five days. From the first inspection to the final cleanup, every project is built to last.</p>","<h3>How long does metal roofing take in Columbus County?</h3><p>Linta Roofing typically completes most metal roof installations within three to five days. We'll confirm exact timing during your free inspection.</p><h3>Are you licensed in North Carolina?</h3><p>Yes. Linta Roofing is fully licensed and insured to operate in North Carolina.</p><h3>Do you handle insurance claims in Columbus County?</h3><p>Yes — we work directly with insurance carriers and adjusters to document and restore covered damage.</p>","<iframe src=""https://maps.google.com/maps?q=Columbus+County%2C+NC&z=10&output=embed"" width=""100%"" height=""450"" style=""border:0;"" allowfullscreen="""" loading=""lazy"" referrerpolicy=""no-referrer-when-downgrade"" title=""Map of Columbus County, NC""></iframe>","Metal Roofing","Columbus County"
"212391109632","metal-roofing-georgetown-county","2026-05-06 19:22:35","Metal Roofing in Georgetown County","0","2026-05-08 16:20:34","Metal Roofing in Georgetown County","Metal Roofing in Georgetown County, SC | Linta Roofing","Linta Roofing provides metal roofing across Georgetown County, South Carolina. Licensed, insured, and built for coastal Carolina conditions — get a free estimate today.","Metal Roofing in Georgetown County, SC","<p>Metal Roofing across Georgetown County demands more than a one-size-fits-all approach. Linta Roofing's local team understands the range of homes and weather conditions across the county — from inland properties to oceanfront communities — and completes most metal roof installations within three to five days. From the first inspection to the final cleanup, every project is built to last.</p>","<h3>How long does metal roofing take in Georgetown County?</h3><p>Linta Roofing typically completes most metal roof installations within three to five days. We'll confirm exact timing during your free inspection.</p><h3>Are you licensed in South Carolina?</h3><p>Yes. Linta Roofing is fully licensed and insured to operate in South Carolina.</p><h3>Do you handle insurance claims in Georgetown County?</h3><p>Yes — we work directly with insurance carriers and adjusters to document and restore covered damage.</p>","<iframe src=""https://maps.google.com/maps?q=Georgetown+County%2C+SC&z=10&output=embed"" width=""100%"" height=""450"" style=""border:0;"" allowfullscreen="""" loading=""lazy"" referrerpolicy=""no-referrer-when-downgrade"" title=""Map of Georgetown County, SC""></iframe>","Metal Roofing","Georgetown County"
"212391109633","metal-roofing-georgetown","2026-05-06 19:22:35","Metal Roofing in Georgetown","0","2026-05-08 16:20:34","Metal Roofing in Georgetown","Metal Roofing in Georgetown, SC | Linta Roofing","Linta Roofing provides metal roofing in Georgetown, South Carolina. Licensed, insured, and built for coastal Carolina conditions — get a free estimate today.","Metal Roofing in Georgetown, SC","<p>Metal Roofing in Georgetown requires more than standard expertise. Linta Roofing's local team understands the specific challenges Georgetown homes face — from coastal weather to neighborhood-specific architecture — and completes most metal roof installations within three to five days. From the first inspection to the final cleanup, every project is built to last.</p>","<h3>How long does metal roofing take in Georgetown?</h3><p>Linta Roofing typically completes most metal roof installations within three to five days. We'll confirm exact timing during your free inspection.</p><h3>Are you licensed in South Carolina?</h3><p>Yes. Linta Roofing is fully licensed and insured to operate in South Carolina.</p><h3>Do you handle insurance claims in Georgetown?</h3><p>Yes — we work directly with insurance carriers and adjusters to document and restore covered damage.</p>","<iframe src=""https://maps.google.com/maps?q=Georgetown%2C+SC&z=12&output=embed"" width=""100%"" height=""450"" style=""border:0;"" allowfullscreen="""" loading=""lazy"" referrerpolicy=""no-referrer-when-downgrade"" title=""Map of Georgetown, SC""></iframe>","Metal Roofing","Georgetown"
"212391109634","metal-roofing-marion-county","2026-05-06 19:22:35","Metal Roofing in Marion County","0","2026-05-08 16:20:34","Metal Roofing in Marion County","Metal Roofing in Marion County, SC | Linta Roofing","Linta Roofing provides metal roofing across Marion County, South Carolina. Licensed, insured, and built for coastal Carolina conditions — get a free estimate today.","Metal Roofing in Marion County, SC","<p>Metal Roofing across Marion County demands more than a one-size-fits-all approach. Linta Roofing's local team understands the range of homes and weather conditions across the county — from inland properties to oceanfront communities — and completes most metal roof installations within three to five days. From the first inspection to the final cleanup, every project is built to last.</p>","<h3>How long does metal roofing take in Marion County?</h3><p>Linta Roofing typically completes most metal roof installations within three to five days. We'll confirm exact timing during your free inspection.</p><h3>Are you licensed in South Carolina?</h3><p>Yes. Linta Roofing is fully licensed and insured to operate in South Carolina.</p><h3>Do you handle insurance claims in Marion County?</h3><p>Yes — we work directly with insurance carriers and adjusters to document and restore covered damage.</p>","<iframe src=""https://maps.google.com/maps?q=Marion+County%2C+SC&z=10&output=embed"" width=""100%"" height=""450"" style=""border:0;"" allowfullscreen="""" loading=""lazy"" referrerpolicy=""no-referrer-when-downgrade"" title=""Map of Marion County, SC""></iframe>","Metal Roofing","Marion County"
"212391109635","roof-insurance-claim-myrtle-beach","2026-05-06 19:22:35","Insurance Claim in Myrtle Beach","0","2026-05-08 19:28:42","Insurance Claim in Myrtle Beach","Insurance Claim in Myrtle Beach, SC | Linta Roofing","Linta Roofing provides insurance claim assistance in Myrtle Beach, South Carolina. Licensed, insured, and built for coastal Carolina conditions — get a free estimate today.","Roof Insurance Claim Support in Myrtle Beach, SC","<p>Insurance Claim Assistance in Myrtle Beach requires more than standard expertise. Linta Roofing's local team understands the specific challenges Myrtle Beach homes face — from coastal weather to neighborhood-specific architecture — and schedules an adjuster meeting and provides documentation within the same week. From the first inspection to the final cleanup, every project is built to last.</p>","<h3>How long does insurance claim assistance take in Myrtle Beach?</h3><p>Linta Roofing typically schedules an adjuster meeting and provides documentation within the same week. We'll confirm exact timing during your free inspection.</p><h3>Are you licensed in South Carolina?</h3><p>Yes. Linta Roofing is fully licensed and insured to operate in South Carolina.</p><h3>Do you handle insurance claims in Myrtle Beach?</h3><p>Yes — we work directly with insurance carriers and adjusters to document and restore covered damage.</p>","<iframe src=""https://maps.google.com/maps?q=Myrtle+Beach%2C+SC&z=12&output=embed"" width=""100%"" height=""450"" style=""border:0;"" allowfullscreen="""" loading=""lazy"" referrerpolicy=""no-referrer-when-downgrade"" title=""Map of Myrtle Beach, SC""></iframe>","Insurance Claim","Myrtle Beach"
"212391109636","roof-insurance-claim-surfside-beach","2026-05-06 19:22:35","Insurance Claim in Surfside Beach","0","2026-05-08 19:28:50","Insurance Claim in Surfside Beach","Insurance Claim in Surfside Beach, SC | Linta Roofing","Linta Roofing provides insurance claim assistance in Surfside Beach, South Carolina. Licensed, insured, and built for coastal Carolina conditions — get a free estimate today.","Roof Insurance Claim Support in Surfside Beach, SC","<p>Insurance Claim Assistance in Surfside Beach requires more than standard expertise. Linta Roofing's local team understands the specific challenges Surfside Beach homes face — from coastal weather to neighborhood-specific architecture — and schedules an adjuster meeting and provides documentation within the same week. From the first inspection to the final cleanup, every project is built to last.</p>","<h3>How long does insurance claim assistance take in Surfside Beach?</h3><p>Linta Roofing typically schedules an adjuster meeting and provides documentation within the same week. We'll confirm exact timing during your free inspection.</p><h3>Are you licensed in South Carolina?</h3><p>Yes. Linta Roofing is fully licensed and insured to operate in South Carolina.</p><h3>Do you handle insurance claims in Surfside Beach?</h3><p>Yes — we work directly with insurance carriers and adjusters to document and restore covered damage.</p>","<iframe src=""https://maps.google.com/maps?q=Surfside+Beach%2C+SC&z=12&output=embed"" width=""100%"" height=""450"" style=""border:0;"" allowfullscreen="""" loading=""lazy"" referrerpolicy=""no-referrer-when-downgrade"" title=""Map of Surfside Beach, SC""></iframe>","Insurance Claim","Surfside Beach"
"212391109637","roof-insurance-claim-murrells-inlet","2026-05-06 19:22:35","Insurance Claim in Murrells Inlet","0","2026-05-08 19:28:57","Insurance Claim in Murrells Inlet","Insurance Claim in Murrells Inlet, SC | Linta Roofing","Linta Roofing provides insurance claim assistance in Murrells Inlet, South Carolina. Licensed, insured, and built for coastal Carolina conditions — get a free estimate today.","Roof Insurance Claim Support in Murrells Inlet, SC","<p>Insurance Claim Assistance in Murrells Inlet requires more than standard expertise. Linta Roofing's local team understands the specific challenges Murrells Inlet homes face — from coastal weather to neighborhood-specific architecture — and schedules an adjuster meeting and provides documentation within the same week. From the first inspection to the final cleanup, every project is built to last.</p>","<h3>How long does insurance claim assistance take in Murrells Inlet?</h3><p>Linta Roofing typically schedules an adjuster meeting and provides documentation within the same week. We'll confirm exact timing during your free inspection.</p><h3>Are you licensed in South Carolina?</h3><p>Yes. Linta Roofing is fully licensed and insured to operate in South Carolina.</p><h3>Do you handle insurance claims in Murrells Inlet?</h3><p>Yes — we work directly with insurance carriers and adjusters to document and restore covered damage.</p>","<iframe src=""https://maps.google.com/maps?q=Murrells+Inlet%2C+SC&z=12&output=embed"" width=""100%"" height=""450"" style=""border:0;"" allowfullscreen="""" loading=""lazy"" referrerpolicy=""no-referrer-when-downgrade"" title=""Map of Murrells Inlet, SC""></iframe>","Insurance Claim","Murrells Inlet"
"212391109638","roof-insurance-claim-carolina-forest","2026-05-06 19:22:35","Insurance Claim in Carolina Forest","0","2026-05-08 19:29:03","Insurance Claim in Carolina Forest","Insurance Claim in Carolina Forest, SC | Linta Roofing","Linta Roofing provides insurance claim assistance in Carolina Forest, South Carolina. Licensed, insured, and built for coastal Carolina conditions — get a free estimate today.","Roof Insurance Claim Support in Carolina Forest, SC","<p>Insurance Claim Assistance in Carolina Forest requires more than standard expertise. Linta Roofing's local team understands the specific challenges Carolina Forest homes face — from coastal weather to neighborhood-specific architecture — and schedules an adjuster meeting and provides documentation within the same week. From the first inspection to the final cleanup, every project is built to last.</p>","<h3>How long does insurance claim assistance take in Carolina Forest?</h3><p>Linta Roofing typically schedules an adjuster meeting and provides documentation within the same week. We'll confirm exact timing during your free inspection.</p><h3>Are you licensed in South Carolina?</h3><p>Yes. Linta Roofing is fully licensed and insured to operate in South Carolina.</p><h3>Do you handle insurance claims in Carolina Forest?</h3><p>Yes — we work directly with insurance carriers and adjusters to document and restore covered damage.</p>","<iframe src=""https://maps.google.com/maps?q=Carolina+Forest%2C+SC&z=12&output=embed"" width=""100%"" height=""450"" style=""border:0;"" allowfullscreen="""" loading=""lazy"" referrerpolicy=""no-referrer-when-downgrade"" title=""Map of Carolina Forest, SC""></iframe>","Insurance Claim","Carolina Forest"
"212391109639","roof-insurance-claim-conway","2026-05-06 19:22:35","Insurance Claim in Conway","0","2026-05-08 19:29:07","Insurance Claim in Conway","Insurance Claim in Conway, SC | Linta Roofing","Linta Roofing provides insurance claim assistance in Conway, South Carolina. Licensed, insured, and built for coastal Carolina conditions — get a free estimate today.","Roof Insurance Claim Support in Conway, SC","<p>Insurance Claim Assistance in Conway requires more than standard expertise. Linta Roofing's local team understands the specific challenges Conway homes face — from coastal weather to neighborhood-specific architecture — and schedules an adjuster meeting and provides documentation within the same week. From the first inspection to the final cleanup, every project is built to last.</p>","<h3>How long does insurance claim assistance take in Conway?</h3><p>Linta Roofing typically schedules an adjuster meeting and provides documentation within the same week. We'll confirm exact timing during your free inspection.</p><h3>Are you licensed in South Carolina?</h3><p>Yes. Linta Roofing is fully licensed and insured to operate in South Carolina.</p><h3>Do you handle insurance claims in Conway?</h3><p>Yes — we work directly with insurance carriers and adjusters to document and restore covered damage.</p>","<iframe src=""https://maps.google.com/maps?q=Conway%2C+SC&z=12&output=embed"" width=""100%"" height=""450"" style=""border:0;"" allowfullscreen="""" loading=""lazy"" referrerpolicy=""no-referrer-when-downgrade"" title=""Map of Conway, SC""></iframe>","Insurance Claim","Conway"
"212391109640","roof-insurance-claim-north-myrtle-beach","2026-05-06 19:22:35","Insurance Claim in North Myrtle Beach","0","2026-05-08 19:29:12","Insurance Claim in North Myrtle Beach","Insurance Claim in North Myrtle Beach, SC | Linta Roofing","Linta Roofing provides insurance claim assistance in North Myrtle Beach, South Carolina. Licensed, insured, and built for coastal Carolina conditions — get a free estimate today.","Roof Insurance Claim Support in North Myrtle Beach, SC","<p>Insurance Claim Assistance in North Myrtle Beach requires more than standard expertise. Linta Roofing's local team understands the specific challenges North Myrtle Beach homes face — from coastal weather to neighborhood-specific architecture — and schedules an adjuster meeting and provides documentation within the same week. From the first inspection to the final cleanup, every project is built to last.</p>","<h3>How long does insurance claim assistance take in North Myrtle Beach?</h3><p>Linta Roofing typically schedules an adjuster meeting and provides documentation within the same week. We'll confirm exact timing during your free inspection.</p><h3>Are you licensed in South Carolina?</h3><p>Yes. Linta Roofing is fully licensed and insured to operate in South Carolina.</p><h3>Do you handle insurance claims in North Myrtle Beach?</h3><p>Yes — we work directly with insurance carriers and adjusters to document and restore covered damage.</p>","<iframe src=""https://maps.google.com/maps?q=North+Myrtle+Beach%2C+SC&z=12&output=embed"" width=""100%"" height=""450"" style=""border:0;"" allowfullscreen="""" loading=""lazy"" referrerpolicy=""no-referrer-when-downgrade"" title=""Map of North Myrtle Beach, SC""></iframe>","Insurance Claim","North Myrtle Beach"
"212391109641","roof-insurance-claim-little-river","2026-05-06 19:22:35","Insurance Claim in Little River","0","2026-05-08 19:29:16","Insurance Claim in Little River","Insurance Claim in Little River, SC | Linta Roofing","Linta Roofing provides insurance claim assistance in Little River, South Carolina. Licensed, insured, and built for coastal Carolina conditions — get a free estimate today.","Roof Insurance Claim Support in Little River, SC","<p>Insurance Claim Assistance in Little River requires more than standard expertise. Linta Roofing's local team understands the specific challenges Little River homes face — from coastal weather to neighborhood-specific architecture — and schedules an adjuster meeting and provides documentation within the same week. From the first inspection to the final cleanup, every project is built to last.</p>","<h3>How long does insurance claim assistance take in Little River?</h3><p>Linta Roofing typically schedules an adjuster meeting and provides documentation within the same week. We'll confirm exact timing during your free inspection.</p><h3>Are you licensed in South Carolina?</h3><p>Yes. Linta Roofing is fully licensed and insured to operate in South Carolina.</p><h3>Do you handle insurance claims in Little River?</h3><p>Yes — we work directly with insurance carriers and adjusters to document and restore covered damage.</p>","<iframe src=""https://maps.google.com/maps?q=Little+River%2C+SC&z=12&output=embed"" width=""100%"" height=""450"" style=""border:0;"" allowfullscreen="""" loading=""lazy"" referrerpolicy=""no-referrer-when-downgrade"" title=""Map of Little River, SC""></iframe>","Insurance Claim","Little River"
"212391109642","roof-insurance-claim-ocean-isle-beach","2026-05-06 19:22:35","Insurance Claim in Ocean Isle Beach","0","2026-05-08 19:29:22","Insurance Claim in Ocean Isle Beach","Insurance Claim in Ocean Isle Beach, NC | Linta Roofing","Linta Roofing provides insurance claim assistance in Ocean Isle Beach, North Carolina. Licensed, insured, and built for coastal Carolina conditions — get a free estimate today.","Roof Insurance Claim Support in Ocean Isle Beach, NC","<p>Insurance Claim Assistance in Ocean Isle Beach requires more than standard expertise. Linta Roofing's local team understands the specific challenges Ocean Isle Beach homes face — from coastal weather to neighborhood-specific architecture — and schedules an adjuster meeting and provides documentation within the same week. From the first inspection to the final cleanup, every project is built to last.</p>","<h3>How long does insurance claim assistance take in Ocean Isle Beach?</h3><p>Linta Roofing typically schedules an adjuster meeting and provides documentation within the same week. We'll confirm exact timing during your free inspection.</p><h3>Are you licensed in North Carolina?</h3><p>Yes. Linta Roofing is fully licensed and insured to operate in North Carolina.</p><h3>Do you handle insurance claims in Ocean Isle Beach?</h3><p>Yes — we work directly with insurance carriers and adjusters to document and restore covered damage.</p>","<iframe src=""https://maps.google.com/maps?q=Ocean+Isle+Beach%2C+NC&z=12&output=embed"" width=""100%"" height=""450"" style=""border:0;"" allowfullscreen="""" loading=""lazy"" referrerpolicy=""no-referrer-when-downgrade"" title=""Map of Ocean Isle Beach, NC""></iframe>","Insurance Claim","Ocean Isle Beach"
"212391109643","roof-insurance-claim-holden-beach","2026-05-06 19:22:35","Insurance Claim in Holden Beach","0","2026-05-08 19:29:28","Insurance Claim in Holden Beach","Insurance Claim in Holden Beach, NC | Linta Roofing","Linta Roofing provides insurance claim assistance in Holden Beach, North Carolina. Licensed, insured, and built for coastal Carolina conditions — get a free estimate today.","Roof Insurance Claim Support in Holden Beach, NC","<p>Insurance Claim Assistance in Holden Beach requires more than standard expertise. Linta Roofing's local team understands the specific challenges Holden Beach homes face — from coastal weather to neighborhood-specific architecture — and schedules an adjuster meeting and provides documentation within the same week. From the first inspection to the final cleanup, every project is built to last.</p>","<h3>How long does insurance claim assistance take in Holden Beach?</h3><p>Linta Roofing typically schedules an adjuster meeting and provides documentation within the same week. We'll confirm exact timing during your free inspection.</p><h3>Are you licensed in North Carolina?</h3><p>Yes. Linta Roofing is fully licensed and insured to operate in North Carolina.</p><h3>Do you handle insurance claims in Holden Beach?</h3><p>Yes — we work directly with insurance carriers and adjusters to document and restore covered damage.</p>","<iframe src=""https://maps.google.com/maps?q=Holden+Beach%2C+NC&z=12&output=embed"" width=""100%"" height=""450"" style=""border:0;"" allowfullscreen="""" loading=""lazy"" referrerpolicy=""no-referrer-when-downgrade"" title=""Map of Holden Beach, NC""></iframe>","Insurance Claim","Holden Beach"
"212391109644","roof-insurance-claim-sunset-beach","2026-05-06 19:22:35","Insurance Claim in Sunset Beach","0","2026-05-08 19:29:33","Insurance Claim in Sunset Beach","Insurance Claim in Sunset Beach, NC | Linta Roofing","Linta Roofing provides insurance claim assistance in Sunset Beach, North Carolina. Licensed, insured, and built for coastal Carolina conditions — get a free estimate today.","Roof Insurance Claim Support in Sunset Beach, NC","<p>Insurance Claim Assistance in Sunset Beach requires more than standard expertise. Linta Roofing's local team understands the specific challenges Sunset Beach homes face — from coastal weather to neighborhood-specific architecture — and schedules an adjuster meeting and provides documentation within the same week. From the first inspection to the final cleanup, every project is built to last.</p>","<h3>How long does insurance claim assistance take in Sunset Beach?</h3><p>Linta Roofing typically schedules an adjuster meeting and provides documentation within the same week. We'll confirm exact timing during your free inspection.</p><h3>Are you licensed in North Carolina?</h3><p>Yes. Linta Roofing is fully licensed and insured to operate in North Carolina.</p><h3>Do you handle insurance claims in Sunset Beach?</h3><p>Yes — we work directly with insurance carriers and adjusters to document and restore covered damage.</p>","<iframe src=""https://maps.google.com/maps?q=Sunset+Beach%2C+NC&z=12&output=embed"" width=""100%"" height=""450"" style=""border:0;"" allowfullscreen="""" loading=""lazy"" referrerpolicy=""no-referrer-when-downgrade"" title=""Map of Sunset Beach, NC""></iframe>","Insurance Claim","Sunset Beach"
"212391109645","roof-insurance-claim-oak-island","2026-05-06 19:22:35","Insurance Claim in Oak Island","0","2026-05-08 19:36:50","Insurance Claim in Oak Island","Insurance Claim in Oak Island, NC | Linta Roofing","Linta Roofing provides insurance claim assistance in Oak Island, North Carolina. Licensed, insured, and built for coastal Carolina conditions — get a free estimate today.","Roof Insurance Claim Support in Oak Island, NC","<p>Insurance Claim Assistance in Oak Island requires more than standard expertise. Linta Roofing's local team understands the specific challenges Oak Island homes face — from coastal weather to neighborhood-specific architecture — and schedules an adjuster meeting and provides documentation within the same week. From the first inspection to the final cleanup, every project is built to last.</p>","<h3>How long does insurance claim assistance take in Oak Island?</h3><p>Linta Roofing typically schedules an adjuster meeting and provides documentation within the same week. We'll confirm exact timing during your free inspection.</p><h3>Are you licensed in North Carolina?</h3><p>Yes. Linta Roofing is fully licensed and insured to operate in North Carolina.</p><h3>Do you handle insurance claims in Oak Island?</h3><p>Yes — we work directly with insurance carriers and adjusters to document and restore covered damage.</p>","<iframe src=""https://maps.google.com/maps?q=Oak+Island%2C+NC&z=12&output=embed"" width=""100%"" height=""450"" style=""border:0;"" allowfullscreen="""" loading=""lazy"" referrerpolicy=""no-referrer-when-downgrade"" title=""Map of Oak Island, NC""></iframe>","Insurance Claim","Oak Island"
"212391109646","roof-insurance-claim-caswell-beach","2026-05-06 19:22:35","Insurance Claim in Caswell Beach","0","2026-05-08 19:29:58","Insurance Claim in Caswell Beach","Insurance Claim in Caswell Beach, NC | Linta Roofing","Linta Roofing provides insurance claim assistance in Caswell Beach, North Carolina. Licensed, insured, and built for coastal Carolina conditions — get a free estimate today.","Roof Insurance Claim Support in Caswell Beach, NC","<p>Insurance Claim Assistance in Caswell Beach requires more than standard expertise. Linta Roofing's local team understands the specific challenges Caswell Beach homes face — from coastal weather to neighborhood-specific architecture — and schedules an adjuster meeting and provides documentation within the same week. From the first inspection to the final cleanup, every project is built to last.</p>","<h3>How long does insurance claim assistance take in Caswell Beach?</h3><p>Linta Roofing typically schedules an adjuster meeting and provides documentation within the same week. We'll confirm exact timing during your free inspection.</p><h3>Are you licensed in North Carolina?</h3><p>Yes. Linta Roofing is fully licensed and insured to operate in North Carolina.</p><h3>Do you handle insurance claims in Caswell Beach?</h3><p>Yes — we work directly with insurance carriers and adjusters to document and restore covered damage.</p>","<iframe src=""https://maps.google.com/maps?q=Caswell+Beach%2C+NC&z=12&output=embed"" width=""100%"" height=""450"" style=""border:0;"" allowfullscreen="""" loading=""lazy"" referrerpolicy=""no-referrer-when-downgrade"" title=""Map of Caswell Beach, NC""></iframe>","Insurance Claim","Caswell Beach"
"212391109647","roof-insurance-claim-long-beach","2026-05-06 19:22:35","Insurance Claim in Long Beach","0","2026-05-08 19:30:03","Insurance Claim in Long Beach","Insurance Claim in Long Beach, NC | Linta Roofing","Linta Roofing provides insurance claim assistance in Long Beach, North Carolina. Licensed, insured, and built for coastal Carolina conditions — get a free estimate today.","Roof Insurance Claim Support in Long Beach, NC","<p>Insurance Claim Assistance in Long Beach requires more than standard expertise. Linta Roofing's local team understands the specific challenges Long Beach homes face — from coastal weather to neighborhood-specific architecture — and schedules an adjuster meeting and provides documentation within the same week. From the first inspection to the final cleanup, every project is built to last.</p>","<h3>How long does insurance claim assistance take in Long Beach?</h3><p>Linta Roofing typically schedules an adjuster meeting and provides documentation within the same week. We'll confirm exact timing during your free inspection.</p><h3>Are you licensed in North Carolina?</h3><p>Yes. Linta Roofing is fully licensed and insured to operate in North Carolina.</p><h3>Do you handle insurance claims in Long Beach?</h3><p>Yes — we work directly with insurance carriers and adjusters to document and restore covered damage.</p>","<iframe src=""https://maps.google.com/maps?q=Long+Beach%2C+NC&z=12&output=embed"" width=""100%"" height=""450"" style=""border:0;"" allowfullscreen="""" loading=""lazy"" referrerpolicy=""no-referrer-when-downgrade"" title=""Map of Long Beach, NC""></iframe>","Insurance Claim","Long Beach"
"212391109648","roof-insurance-claim-brunswick-county","2026-05-06 19:22:35","Insurance Claim in Brunswick County","0","2026-05-08 19:30:12","Insurance Claim in Brunswick County","Insurance Claim in Brunswick County, NC | Linta Roofing","Linta Roofing provides insurance claim assistance across Brunswick County, North Carolina. Licensed, insured, and built for coastal Carolina conditions — get a free estimate today.","Roof Insurance Claim Support in Brunswick County, NC","<p>Insurance Claim Assistance across Brunswick County demands more than a one-size-fits-all approach. Linta Roofing's local team understands the range of homes and weather conditions across the county — from inland properties to oceanfront communities — and schedules an adjuster meeting and provides documentation within the same week. From the first inspection to the final cleanup, every project is built to last.</p>","<h3>How long does insurance claim assistance take in Brunswick County?</h3><p>Linta Roofing typically schedules an adjuster meeting and provides documentation within the same week. We'll confirm exact timing during your free inspection.</p><h3>Are you licensed in North Carolina?</h3><p>Yes. Linta Roofing is fully licensed and insured to operate in North Carolina.</p><h3>Do you handle insurance claims in Brunswick County?</h3><p>Yes — we work directly with insurance carriers and adjusters to document and restore covered damage.</p>","<iframe src=""https://maps.google.com/maps?q=Brunswick+County%2C+NC&z=10&output=embed"" width=""100%"" height=""450"" style=""border:0;"" allowfullscreen="""" loading=""lazy"" referrerpolicy=""no-referrer-when-downgrade"" title=""Map of Brunswick County, NC""></iframe>","Insurance Claim","Brunswick County"
"212391109649","roof-insurance-claim-columbus-county","2026-05-06 19:22:35","Insurance Claim in Columbus County","0","2026-05-08 19:30:21","Insurance Claim in Columbus County","Insurance Claim in Columbus County, NC | Linta Roofing","Linta Roofing provides insurance claim assistance across Columbus County, North Carolina. Licensed, insured, and built for coastal Carolina conditions — get a free estimate today.","Roof Insurance Claim Support in Columbus County, NC","<p>Insurance Claim Assistance across Columbus County demands more than a one-size-fits-all approach. Linta Roofing's local team understands the range of homes and weather conditions across the county — from inland properties to oceanfront communities — and schedules an adjuster meeting and provides documentation within the same week. From the first inspection to the final cleanup, every project is built to last.</p>","<h3>How long does insurance claim assistance take in Columbus County?</h3><p>Linta Roofing typically schedules an adjuster meeting and provides documentation within the same week. We'll confirm exact timing during your free inspection.</p><h3>Are you licensed in North Carolina?</h3><p>Yes. Linta Roofing is fully licensed and insured to operate in North Carolina.</p><h3>Do you handle insurance claims in Columbus County?</h3><p>Yes — we work directly with insurance carriers and adjusters to document and restore covered damage.</p>","<iframe src=""https://maps.google.com/maps?q=Columbus+County%2C+NC&z=10&output=embed"" width=""100%"" height=""450"" style=""border:0;"" allowfullscreen="""" loading=""lazy"" referrerpolicy=""no-referrer-when-downgrade"" title=""Map of Columbus County, NC""></iframe>","Insurance Claim","Columbus County"
"212391109650","roof-insurance-claim-georgetown-county","2026-05-06 19:22:35","Insurance Claim in Georgetown County","0","2026-05-08 19:30:31","Insurance Claim in Georgetown County","Insurance Claim in Georgetown County, SC | Linta Roofing","Linta Roofing provides insurance claim assistance across Georgetown County, South Carolina. Licensed, insured, and built for coastal Carolina conditions — get a free estimate today.","Roof Insurance Claim Support in Georgetown County, SC","<p>Insurance Claim Assistance across Georgetown County demands more than a one-size-fits-all approach. Linta Roofing's local team understands the range of homes and weather conditions across the county — from inland properties to oceanfront communities — and schedules an adjuster meeting and provides documentation within the same week. From the first inspection to the final cleanup, every project is built to last.</p>","<h3>How long does insurance claim assistance take in Georgetown County?</h3><p>Linta Roofing typically schedules an adjuster meeting and provides documentation within the same week. We'll confirm exact timing during your free inspection.</p><h3>Are you licensed in South Carolina?</h3><p>Yes. Linta Roofing is fully licensed and insured to operate in South Carolina.</p><h3>Do you handle insurance claims in Georgetown County?</h3><p>Yes — we work directly with insurance carriers and adjusters to document and restore covered damage.</p>","<iframe src=""https://maps.google.com/maps?q=Georgetown+County%2C+SC&z=10&output=embed"" width=""100%"" height=""450"" style=""border:0;"" allowfullscreen="""" loading=""lazy"" referrerpolicy=""no-referrer-when-downgrade"" title=""Map of Georgetown County, SC""></iframe>","Insurance Claim","Georgetown County"
"212391109651","roof-insurance-claim-georgetown","2026-05-06 19:22:35","Insurance Claim in Georgetown","0","2026-05-08 19:30:35","Insurance Claim in Georgetown","Insurance Claim in Georgetown, SC | Linta Roofing","Linta Roofing provides insurance claim assistance in Georgetown, South Carolina. Licensed, insured, and built for coastal Carolina conditions — get a free estimate today.","Roof Insurance Claim Support in Georgetown, SC","<p>Insurance Claim Assistance in Georgetown requires more than standard expertise. Linta Roofing's local team understands the specific challenges Georgetown homes face — from coastal weather to neighborhood-specific architecture — and schedules an adjuster meeting and provides documentation within the same week. From the first inspection to the final cleanup, every project is built to last.</p>","<h3>How long does insurance claim assistance take in Georgetown?</h3><p>Linta Roofing typically schedules an adjuster meeting and provides documentation within the same week. We'll confirm exact timing during your free inspection.</p><h3>Are you licensed in South Carolina?</h3><p>Yes. Linta Roofing is fully licensed and insured to operate in South Carolina.</p><h3>Do you handle insurance claims in Georgetown?</h3><p>Yes — we work directly with insurance carriers and adjusters to document and restore covered damage.</p>","<iframe src=""https://maps.google.com/maps?q=Georgetown%2C+SC&z=12&output=embed"" width=""100%"" height=""450"" style=""border:0;"" allowfullscreen="""" loading=""lazy"" referrerpolicy=""no-referrer-when-downgrade"" title=""Map of Georgetown, SC""></iframe>","Insurance Claim","Georgetown"
"212391109652","roof-insurance-claim-marion-county","2026-05-06 19:22:35","Insurance Claim in Marion County","0","2026-05-08 19:30:40","Insurance Claim in Marion County","Insurance Claim in Marion County, SC | Linta Roofing","Linta Roofing provides insurance claim assistance across Marion County, South Carolina. Licensed, insured, and built for coastal Carolina conditions — get a free estimate today.","Roof Insurance Claim Support in Marion County, SC","<p>Insurance Claim Assistance across Marion County demands more than a one-size-fits-all approach. Linta Roofing's local team understands the range of homes and weather conditions across the county — from inland properties to oceanfront communities — and schedules an adjuster meeting and provides documentation within the same week. From the first inspection to the final cleanup, every project is built to last.</p>","<h3>How long does insurance claim assistance take in Marion County?</h3><p>Linta Roofing typically schedules an adjuster meeting and provides documentation within the same week. We'll confirm exact timing during your free inspection.</p><h3>Are you licensed in South Carolina?</h3><p>Yes. Linta Roofing is fully licensed and insured to operate in South Carolina.</p><h3>Do you handle insurance claims in Marion County?</h3><p>Yes — we work directly with insurance carriers and adjusters to document and restore covered damage.</p>","<iframe src=""https://maps.google.com/maps?q=Marion+County%2C+SC&z=10&output=embed"" width=""100%"" height=""450"" style=""border:0;"" allowfullscreen="""" loading=""lazy"" referrerpolicy=""no-referrer-when-downgrade"" title=""Map of Marion County, SC""></iframe>","Insurance Claim","Marion County"
