"hs_id","hs_path","hs_created_at","hs_name","hs_child_table_id","hs_updated_at","service_location_name","meta_title","meta_description","hero_heading","hero_body","faq_body","google_map_embed","service_name","location_name"
"212391109475","roof-replacement-in-myrtle-beach","2026-05-06 19:22:35","Roof Replacement in Myrtle Beach","0","2026-05-08 16:20:34","Roof Replacement in Myrtle Beach","Roof Replacement in Myrtle Beach | Linta Roofing","Need a new roof in Myrtle Beach? Get fast, professional roof replacement with durable materials & insurance claim support. Free estimate available.","Roof Replacement in Myrtle Beach, SC","<p>Roof Replacement in Myrtle Beach requires more than standard expertise. Linta Roofing's local team understands the specific challenges Myrtle Beach homes face — from coastal weather to neighborhood-specific architecture — and completes most roof replacements within one to three days. From the first inspection to the final cleanup, every project is built to last.</p>","<h3>How long does roof replacement take in Myrtle Beach?</h3><p>Linta Roofing typically completes most roof replacements within one to three days. We'll confirm exact timing during your free inspection.</p><h3>Are you licensed in South Carolina?</h3><p>Yes. Linta Roofing is fully licensed and insured to operate in South Carolina.</p><h3>Do you handle insurance claims in Myrtle Beach?</h3><p>Yes — we work directly with insurance carriers and adjusters to document and restore covered damage.</p>","<iframe src=""https://maps.google.com/maps?q=Myrtle+Beach%2C+SC&z=12&output=embed"" width=""100%"" height=""450"" style=""border:0;"" allowfullscreen="""" loading=""lazy"" referrerpolicy=""no-referrer-when-downgrade"" title=""Map of Myrtle Beach, SC""></iframe>","Roof Replacement","Myrtle Beach"
"212391109476","roof-replacement-in-surfside-beach","2026-05-06 19:22:35","Roof Replacement in Surfside Beach","0","2026-05-08 16:20:34","Roof Replacement in Surfside Beach","Roof Replacement in Surfside Beach | Linta Roofing","Need a new roof in Surfside Beach? Get fast, professional roof replacement with durable materials & insurance claim support. Free estimate available.","Roof Replacement in Surfside Beach, SC","<p>Roof Replacement in Surfside Beach requires more than standard expertise. Linta Roofing's local team understands the specific challenges Surfside Beach homes face — from coastal weather to neighborhood-specific architecture — and completes most roof replacements within one to three days. From the first inspection to the final cleanup, every project is built to last.</p>","<h3>How long does roof replacement take in Surfside Beach?</h3><p>Linta Roofing typically completes most roof replacements within one to three days. We'll confirm exact timing during your free inspection.</p><h3>Are you licensed in South Carolina?</h3><p>Yes. Linta Roofing is fully licensed and insured to operate in South Carolina.</p><h3>Do you handle insurance claims in Surfside Beach?</h3><p>Yes — we work directly with insurance carriers and adjusters to document and restore covered damage.</p>","<iframe src=""https://maps.google.com/maps?q=Surfside+Beach%2C+SC&z=12&output=embed"" width=""100%"" height=""450"" style=""border:0;"" allowfullscreen="""" loading=""lazy"" referrerpolicy=""no-referrer-when-downgrade"" title=""Map of Surfside Beach, SC""></iframe>","Roof Replacement","Surfside Beach"
"212391109477","roof-replacement-in-murrells-inlet","2026-05-06 19:22:35","Roof Replacement in Murrells Inlet","0","2026-05-08 18:47:26","Roof Replacement in Murrells Inlet","Roof Replacement in Murrells Inlet | Linta Roofing","Need a new roof in Murrells Inlet? Get fast, professional roof replacement with durable materials & insurance claim support. Free estimate available.","Roof Replacement in Murrells Inlet, SC","<p>Roof Replacement in Murrells Inlet requires more than standard expertise. Linta Roofing's local team understands the specific challenges Murrells Inlet homes face — from coastal weather to neighborhood-specific architecture — and completes most roof replacements within one to three days. From the first inspection to the final cleanup, every project is built to last.</p>","<h3>How long does roof replacement take in Murrells Inlet?</h3><p>Linta Roofing typically completes most roof replacements within one to three days. We'll confirm exact timing during your free inspection.</p><h3>Are you licensed in South Carolina?</h3><p>Yes. Linta Roofing is fully licensed and insured to operate in South Carolina.</p><h3>Do you handle insurance claims in Murrells Inlet?</h3><p>Yes — we work directly with insurance carriers and adjusters to document and restore covered damage.</p>","<iframe src=""https://maps.google.com/maps?q=Murrells+Inlet%2C+SC&z=12&output=embed"" width=""100%"" height=""450"" style=""border:0;"" allowfullscreen="""" loading=""lazy"" referrerpolicy=""no-referrer-when-downgrade"" title=""Map of Murrells Inlet, SC""></iframe>","Roof Replacement","Murrells Inlet"
"212391109478","roof-replacement-in-carolina-forest","2026-05-06 19:22:35","Roof Replacement in Carolina Forest","0","2026-05-08 16:20:34","Roof Replacement in Carolina Forest","Roof Replacement in Carolina Forest | Linta Roofing","Need a new roof in Carolina Forest? Get fast, professional roof replacement with durable materials & insurance claim support. Free estimate available.","Roof Replacement in Carolina Forest, SC","<p>Roof Replacement in Carolina Forest requires more than standard expertise. Linta Roofing's local team understands the specific challenges Carolina Forest homes face — from coastal weather to neighborhood-specific architecture — and completes most roof replacements within one to three days. From the first inspection to the final cleanup, every project is built to last.</p>","<h3>How long does roof replacement take in Carolina Forest?</h3><p>Linta Roofing typically completes most roof replacements within one to three days. We'll confirm exact timing during your free inspection.</p><h3>Are you licensed in South Carolina?</h3><p>Yes. Linta Roofing is fully licensed and insured to operate in South Carolina.</p><h3>Do you handle insurance claims in Carolina Forest?</h3><p>Yes — we work directly with insurance carriers and adjusters to document and restore covered damage.</p>","<iframe src=""https://maps.google.com/maps?q=Carolina+Forest%2C+SC&z=12&output=embed"" width=""100%"" height=""450"" style=""border:0;"" allowfullscreen="""" loading=""lazy"" referrerpolicy=""no-referrer-when-downgrade"" title=""Map of Carolina Forest, SC""></iframe>","Roof Replacement","Carolina Forest"
"212391109479","roof-replacement-in-conway","2026-05-06 19:22:35","Roof Replacement in Conway","0","2026-05-08 16:20:34","Roof Replacement in Conway","Roof Replacement in Conway | Linta Roofing","Need a new roof in Conway? Get fast, professional roof replacement with durable materials & insurance claim support. Free estimate available.","Roof Replacement in Conway, SC","<p>Roof Replacement in Conway requires more than standard expertise. Linta Roofing's local team understands the specific challenges Conway homes face — from coastal weather to neighborhood-specific architecture — and completes most roof replacements within one to three days. From the first inspection to the final cleanup, every project is built to last.</p>","<h3>How long does roof replacement take in Conway?</h3><p>Linta Roofing typically completes most roof replacements within one to three days. We'll confirm exact timing during your free inspection.</p><h3>Are you licensed in South Carolina?</h3><p>Yes. Linta Roofing is fully licensed and insured to operate in South Carolina.</p><h3>Do you handle insurance claims in Conway?</h3><p>Yes — we work directly with insurance carriers and adjusters to document and restore covered damage.</p>","<iframe src=""https://maps.google.com/maps?q=Conway%2C+SC&z=12&output=embed"" width=""100%"" height=""450"" style=""border:0;"" allowfullscreen="""" loading=""lazy"" referrerpolicy=""no-referrer-when-downgrade"" title=""Map of Conway, SC""></iframe>","Roof Replacement","Conway"
"212391109480","roof-replacement-in-north-myrtle-beach","2026-05-06 19:22:35","Roof Replacement in North Myrtle Beach","0","2026-05-08 16:20:34","Roof Replacement in North Myrtle Beach","Roof Replacement in North Myrtle Beach | Linta Roofing","Need a new roof in North Myrtle Beach? Get fast, professional roof replacement with durable materials & insurance claim support. Free estimate available.","Roof Replacement in North Myrtle Beach, SC","<p>Roof Replacement in North Myrtle Beach requires more than standard expertise. Linta Roofing's local team understands the specific challenges North Myrtle Beach homes face — from coastal weather to neighborhood-specific architecture — and completes most roof replacements within one to three days. From the first inspection to the final cleanup, every project is built to last.</p>","<h3>How long does roof replacement take in North Myrtle Beach?</h3><p>Linta Roofing typically completes most roof replacements within one to three days. We'll confirm exact timing during your free inspection.</p><h3>Are you licensed in South Carolina?</h3><p>Yes. Linta Roofing is fully licensed and insured to operate in South Carolina.</p><h3>Do you handle insurance claims in North Myrtle Beach?</h3><p>Yes — we work directly with insurance carriers and adjusters to document and restore covered damage.</p>","<iframe src=""https://maps.google.com/maps?q=North+Myrtle+Beach%2C+SC&z=12&output=embed"" width=""100%"" height=""450"" style=""border:0;"" allowfullscreen="""" loading=""lazy"" referrerpolicy=""no-referrer-when-downgrade"" title=""Map of North Myrtle Beach, SC""></iframe>","Roof Replacement","North Myrtle Beach"
"212391109481","roof-replacement-in-little-river","2026-05-06 19:22:35","Roof Replacement in Little River","0","2026-05-08 16:20:34","Roof Replacement in Little River","Roof Replacement in Little River | Linta Roofing","Need a new roof in Little River? Get fast, professional roof replacement with durable materials & insurance claim support. Free estimate available.","Roof Replacement in Little River, SC","<p>Roof Replacement in Little River requires more than standard expertise. Linta Roofing's local team understands the specific challenges Little River homes face — from coastal weather to neighborhood-specific architecture — and completes most roof replacements within one to three days. From the first inspection to the final cleanup, every project is built to last.</p>","<h3>How long does roof replacement take in Little River?</h3><p>Linta Roofing typically completes most roof replacements within one to three days. We'll confirm exact timing during your free inspection.</p><h3>Are you licensed in South Carolina?</h3><p>Yes. Linta Roofing is fully licensed and insured to operate in South Carolina.</p><h3>Do you handle insurance claims in Little River?</h3><p>Yes — we work directly with insurance carriers and adjusters to document and restore covered damage.</p>","<iframe src=""https://maps.google.com/maps?q=Little+River%2C+SC&z=12&output=embed"" width=""100%"" height=""450"" style=""border:0;"" allowfullscreen="""" loading=""lazy"" referrerpolicy=""no-referrer-when-downgrade"" title=""Map of Little River, SC""></iframe>","Roof Replacement","Little River"
"212391109482","roof-replacement-in-ocean-isle-beach","2026-05-06 19:22:35","Roof Replacement in Ocean Isle Beach","0","2026-05-08 16:20:34","Roof Replacement in Ocean Isle Beach","Roof Replacement in Ocean Isle Beach | Linta Roofing","Need a new roof in Ocean Isle Beach? Get fast, professional roof replacement with durable materials & insurance claim support. Free estimate available.","Roof Replacement in Ocean Isle Beach, NC","<p>Roof Replacement in Ocean Isle Beach requires more than standard expertise. Linta Roofing's local team understands the specific challenges Ocean Isle Beach homes face — from coastal weather to neighborhood-specific architecture — and completes most roof replacements within one to three days. From the first inspection to the final cleanup, every project is built to last.</p>","<h3>How long does roof replacement take in Ocean Isle Beach?</h3><p>Linta Roofing typically completes most roof replacements within one to three days. We'll confirm exact timing during your free inspection.</p><h3>Are you licensed in North Carolina?</h3><p>Yes. Linta Roofing is fully licensed and insured to operate in North Carolina.</p><h3>Do you handle insurance claims in Ocean Isle Beach?</h3><p>Yes — we work directly with insurance carriers and adjusters to document and restore covered damage.</p>","<iframe src=""https://maps.google.com/maps?q=Ocean+Isle+Beach%2C+NC&z=12&output=embed"" width=""100%"" height=""450"" style=""border:0;"" allowfullscreen="""" loading=""lazy"" referrerpolicy=""no-referrer-when-downgrade"" title=""Map of Ocean Isle Beach, NC""></iframe>","Roof Replacement","Ocean Isle Beach"
"212391109483","roof-replacement-in-holden-beach","2026-05-06 19:22:35","Roof Replacement in Holden Beach","0","2026-05-08 16:20:34","Roof Replacement in Holden Beach","Roof Replacement in Holden Beach | Linta Roofing","Need a new roof in Holden Beach? Get fast, professional roof replacement with durable materials & insurance claim support. Free estimate available.","Roof Replacement in Holden Beach, NC","<p>Roof Replacement in Holden Beach requires more than standard expertise. Linta Roofing's local team understands the specific challenges Holden Beach homes face — from coastal weather to neighborhood-specific architecture — and completes most roof replacements within one to three days. From the first inspection to the final cleanup, every project is built to last.</p>","<h3>How long does roof replacement take in Holden Beach?</h3><p>Linta Roofing typically completes most roof replacements within one to three days. We'll confirm exact timing during your free inspection.</p><h3>Are you licensed in North Carolina?</h3><p>Yes. Linta Roofing is fully licensed and insured to operate in North Carolina.</p><h3>Do you handle insurance claims in Holden Beach?</h3><p>Yes — we work directly with insurance carriers and adjusters to document and restore covered damage.</p>","<iframe src=""https://maps.google.com/maps?q=Holden+Beach%2C+NC&z=12&output=embed"" width=""100%"" height=""450"" style=""border:0;"" allowfullscreen="""" loading=""lazy"" referrerpolicy=""no-referrer-when-downgrade"" title=""Map of Holden Beach, NC""></iframe>","Roof Replacement","Holden Beach"
"212391109484","roof-replacement-in-sunset-beach","2026-05-06 19:22:35","Roof Replacement in Sunset Beach","0","2026-05-08 16:20:34","Roof Replacement in Sunset Beach","Roof Replacement in Sunset Beach | Linta Roofing","Need a new roof in Sunset Beach? Get fast, professional roof replacement with durable materials & insurance claim support. Free estimate available.","Roof Replacement in Sunset Beach, NC","<p>Roof Replacement in Sunset Beach requires more than standard expertise. Linta Roofing's local team understands the specific challenges Sunset Beach homes face — from coastal weather to neighborhood-specific architecture — and completes most roof replacements within one to three days. From the first inspection to the final cleanup, every project is built to last.</p>","<h3>How long does roof replacement take in Sunset Beach?</h3><p>Linta Roofing typically completes most roof replacements within one to three days. We'll confirm exact timing during your free inspection.</p><h3>Are you licensed in North Carolina?</h3><p>Yes. Linta Roofing is fully licensed and insured to operate in North Carolina.</p><h3>Do you handle insurance claims in Sunset Beach?</h3><p>Yes — we work directly with insurance carriers and adjusters to document and restore covered damage.</p>","<iframe src=""https://maps.google.com/maps?q=Sunset+Beach%2C+NC&z=12&output=embed"" width=""100%"" height=""450"" style=""border:0;"" allowfullscreen="""" loading=""lazy"" referrerpolicy=""no-referrer-when-downgrade"" title=""Map of Sunset Beach, NC""></iframe>","Roof Replacement","Sunset Beach"
"212391109485","roof-replacement-in-oak-island","2026-05-06 19:22:35","Roof Replacement in Oak Island","0","2026-05-08 19:36:09","Roof Replacement in Oak Island","Roof Replacement in Oak Island Beach | Linta Roofing","Need a new roof in Oak Island Beach? Get fast, professional roof replacement with durable materials & insurance claim support. Free estimate available.","Roof Replacement in Oak Island, SC","<p>Roof Replacement in Oak Island requires more than standard expertise. Linta Roofing's local team understands the specific challenges Oak Island homes face — from coastal weather to neighborhood-specific architecture — and completes most roof replacements within one to three days. From the first inspection to the final cleanup, every project is built to last.</p>","<h3>How long does roof replacement take in Oak Island?</h3><p>Linta Roofing typically completes most roof replacements within one to three days. We'll confirm exact timing during your free inspection.</p><h3>Are you licensed in North Carolina?</h3><p>Yes. Linta Roofing is fully licensed and insured to operate in North Carolina.</p><h3>Do you handle insurance claims in Oak Island?</h3><p>Yes — we work directly with insurance carriers and adjusters to document and restore covered damage.</p>","<iframe src=""https://maps.google.com/maps?q=Oak+Island%2C+NC&z=12&output=embed"" width=""100%"" height=""450"" style=""border:0;"" allowfullscreen="""" loading=""lazy"" referrerpolicy=""no-referrer-when-downgrade"" title=""Map of Oak Island, NC""></iframe>","Roof Replacement","Oak Island"
"212391109486","roof-replacement-in-caswell-beach","2026-05-06 19:22:35","Roof Replacement in Caswell Beach","0","2026-05-08 16:20:34","Roof Replacement in Caswell Beach","Roof Replacement in Caswell Beach | Linta Roofing","Need a new roof in Caswell Beach? Get fast, professional roof replacement with durable materials & insurance claim support. Free estimate available.","Roof Replacement in Caswell Beach, NC","<p>Roof Replacement in Caswell Beach requires more than standard expertise. Linta Roofing's local team understands the specific challenges Caswell Beach homes face — from coastal weather to neighborhood-specific architecture — and completes most roof replacements within one to three days. From the first inspection to the final cleanup, every project is built to last.</p>","<h3>How long does roof replacement take in Caswell Beach?</h3><p>Linta Roofing typically completes most roof replacements within one to three days. We'll confirm exact timing during your free inspection.</p><h3>Are you licensed in North Carolina?</h3><p>Yes. Linta Roofing is fully licensed and insured to operate in North Carolina.</p><h3>Do you handle insurance claims in Caswell Beach?</h3><p>Yes — we work directly with insurance carriers and adjusters to document and restore covered damage.</p>","<iframe src=""https://maps.google.com/maps?q=Caswell+Beach%2C+NC&z=12&output=embed"" width=""100%"" height=""450"" style=""border:0;"" allowfullscreen="""" loading=""lazy"" referrerpolicy=""no-referrer-when-downgrade"" title=""Map of Caswell Beach, NC""></iframe>","Roof Replacement","Caswell Beach"
"212391109487","roof-replacement-in-long-beach","2026-05-06 19:22:35","Roof Replacement in Long Beach","0","2026-05-08 16:20:34","Roof Replacement in Long Beach","Roof Replacement in Long Beach | Linta Roofing","Need a new roof in Long Beach? Get fast, professional roof replacement with durable materials & insurance claim support. Free estimate available.","Roof Replacement in Long Beach, NC","<p>Roof Replacement in Long Beach requires more than standard expertise. Linta Roofing's local team understands the specific challenges Long Beach homes face — from coastal weather to neighborhood-specific architecture — and completes most roof replacements within one to three days. From the first inspection to the final cleanup, every project is built to last.</p>","<h3>How long does roof replacement take in Long Beach?</h3><p>Linta Roofing typically completes most roof replacements within one to three days. We'll confirm exact timing during your free inspection.</p><h3>Are you licensed in North Carolina?</h3><p>Yes. Linta Roofing is fully licensed and insured to operate in North Carolina.</p><h3>Do you handle insurance claims in Long Beach?</h3><p>Yes — we work directly with insurance carriers and adjusters to document and restore covered damage.</p>","<iframe src=""https://maps.google.com/maps?q=Long+Beach%2C+NC&z=12&output=embed"" width=""100%"" height=""450"" style=""border:0;"" allowfullscreen="""" loading=""lazy"" referrerpolicy=""no-referrer-when-downgrade"" title=""Map of Long Beach, NC""></iframe>","Roof Replacement","Long Beach"
"212391109488","roof-replacement-in-brunswick-county","2026-05-06 19:22:35","Roof Replacement in Brunswick County","0","2026-05-08 16:20:34","Roof Replacement in Brunswick County","Roof Replacement in Brunswick County | Linta Roofing","Need a new roof in Brunswick County? Get fast, professional roof replacement with durable materials & insurance claim support. Free estimate available.","Roof Replacement in Brunswick County, NC","<p>Roof Replacement across Brunswick County demands more than a one-size-fits-all approach. Linta Roofing's local team understands the range of homes and weather conditions across the county — from inland properties to oceanfront communities — and completes most roof replacements within one to three days. From the first inspection to the final cleanup, every project is built to last.</p>","<h3>How long does roof replacement take in Brunswick County?</h3><p>Linta Roofing typically completes most roof replacements within one to three days. We'll confirm exact timing during your free inspection.</p><h3>Are you licensed in North Carolina?</h3><p>Yes. Linta Roofing is fully licensed and insured to operate in North Carolina.</p><h3>Do you handle insurance claims in Brunswick County?</h3><p>Yes — we work directly with insurance carriers and adjusters to document and restore covered damage.</p>","<iframe src=""https://maps.google.com/maps?q=Brunswick+County%2C+NC&z=10&output=embed"" width=""100%"" height=""450"" style=""border:0;"" allowfullscreen="""" loading=""lazy"" referrerpolicy=""no-referrer-when-downgrade"" title=""Map of Brunswick County, NC""></iframe>","Roof Replacement","Brunswick County"
"212391109489","roof-replacement-in-columbus-county","2026-05-06 19:22:35","Roof Replacement in Columbus County","0","2026-05-08 16:20:34","Roof Replacement in Columbus County","Roof Replacement in Columbus County | Linta Roofing","Need a new roof in Columbus County? Get fast, professional roof replacement with durable materials & insurance claim support. Free estimate available.","Roof Replacement in Columbus County, NC","<p>Roof Replacement across Columbus County demands more than a one-size-fits-all approach. Linta Roofing's local team understands the range of homes and weather conditions across the county — from inland properties to oceanfront communities — and completes most roof replacements within one to three days. From the first inspection to the final cleanup, every project is built to last.</p>","<h3>How long does roof replacement take in Columbus County?</h3><p>Linta Roofing typically completes most roof replacements within one to three days. We'll confirm exact timing during your free inspection.</p><h3>Are you licensed in North Carolina?</h3><p>Yes. Linta Roofing is fully licensed and insured to operate in North Carolina.</p><h3>Do you handle insurance claims in Columbus County?</h3><p>Yes — we work directly with insurance carriers and adjusters to document and restore covered damage.</p>","<iframe src=""https://maps.google.com/maps?q=Columbus+County%2C+NC&z=10&output=embed"" width=""100%"" height=""450"" style=""border:0;"" allowfullscreen="""" loading=""lazy"" referrerpolicy=""no-referrer-when-downgrade"" title=""Map of Columbus County, NC""></iframe>","Roof Replacement","Columbus County"
"212391109490","roof-replacement-in-georgetown-county","2026-05-06 19:22:35","Roof Replacement in Georgetown County","0","2026-05-08 16:20:34","Roof Replacement in Georgetown County","Roof Replacement in Georgetown County | Linta Roofing","Need a new roof in Georgetown County? Get fast, professional roof replacement with durable materials & insurance claim support. Free estimate available.","Roof Replacement in Georgetown County, SC","<p>Roof Replacement across Georgetown County demands more than a one-size-fits-all approach. Linta Roofing's local team understands the range of homes and weather conditions across the county — from inland properties to oceanfront communities — and completes most roof replacements within one to three days. From the first inspection to the final cleanup, every project is built to last.</p>","<h3>How long does roof replacement take in Georgetown County?</h3><p>Linta Roofing typically completes most roof replacements within one to three days. We'll confirm exact timing during your free inspection.</p><h3>Are you licensed in South Carolina?</h3><p>Yes. Linta Roofing is fully licensed and insured to operate in South Carolina.</p><h3>Do you handle insurance claims in Georgetown County?</h3><p>Yes — we work directly with insurance carriers and adjusters to document and restore covered damage.</p>","<iframe src=""https://maps.google.com/maps?q=Georgetown+County%2C+SC&z=10&output=embed"" width=""100%"" height=""450"" style=""border:0;"" allowfullscreen="""" loading=""lazy"" referrerpolicy=""no-referrer-when-downgrade"" title=""Map of Georgetown County, SC""></iframe>","Roof Replacement","Georgetown County"
"212391109491","roof-replacement-in-georgetown","2026-05-06 19:22:35","Roof Replacement in Georgetown","0","2026-05-08 16:20:34","Roof Replacement in Georgetown","Georgetown","Need a new roof in Georgetown? Get fast, professional roof replacement with durable materials & insurance claim support. Free estimate available.","Roof Replacement in Georgetown, SC","<p>Roof Replacement in Georgetown requires more than standard expertise. Linta Roofing's local team understands the specific challenges Georgetown homes face — from coastal weather to neighborhood-specific architecture — and completes most roof replacements within one to three days. From the first inspection to the final cleanup, every project is built to last.</p>","<h3>How long does roof replacement take in Georgetown?</h3><p>Linta Roofing typically completes most roof replacements within one to three days. We'll confirm exact timing during your free inspection.</p><h3>Are you licensed in South Carolina?</h3><p>Yes. Linta Roofing is fully licensed and insured to operate in South Carolina.</p><h3>Do you handle insurance claims in Georgetown?</h3><p>Yes — we work directly with insurance carriers and adjusters to document and restore covered damage.</p>","<iframe src=""https://maps.google.com/maps?q=Georgetown%2C+SC&z=12&output=embed"" width=""100%"" height=""450"" style=""border:0;"" allowfullscreen="""" loading=""lazy"" referrerpolicy=""no-referrer-when-downgrade"" title=""Map of Georgetown, SC""></iframe>","Roof Replacement","Georgetown"
"212391109492","roof-replacement-in-marion-county","2026-05-06 19:22:35","Roof Replacement in Marion County","0","2026-05-08 16:20:34","Roof Replacement in Marion County","Roof Replacement in Marion County | Linta Roofing","Need a new roof in Marion County? Get fast, professional roof replacement with durable materials & insurance claim support. Free estimate available.","Roof Replacement in Marion County, SC","<p>Roof Replacement across Marion County demands more than a one-size-fits-all approach. Linta Roofing's local team understands the range of homes and weather conditions across the county — from inland properties to oceanfront communities — and completes most roof replacements within one to three days. From the first inspection to the final cleanup, every project is built to last.</p>","<h3>How long does roof replacement take in Marion County?</h3><p>Linta Roofing typically completes most roof replacements within one to three days. We'll confirm exact timing during your free inspection.</p><h3>Are you licensed in South Carolina?</h3><p>Yes. Linta Roofing is fully licensed and insured to operate in South Carolina.</p><h3>Do you handle insurance claims in Marion County?</h3><p>Yes — we work directly with insurance carriers and adjusters to document and restore covered damage.</p>","<iframe src=""https://maps.google.com/maps?q=Marion+County%2C+SC&z=10&output=embed"" width=""100%"" height=""450"" style=""border:0;"" allowfullscreen="""" loading=""lazy"" referrerpolicy=""no-referrer-when-downgrade"" title=""Map of Marion County, SC""></iframe>","Roof Replacement","Marion County"
"212391109493","roof-repair-in-myrtle-beach","2026-05-06 19:22:35","Roof Repair in Myrtle Beach","0","2026-05-08 16:20:34","Roof Repair in Myrtle Beach","Roof Replacement in Myrtle Beach | Linta Roofing","Need expert roof repair in Myrtle Beach? Get fast, professional roof repair with durable materials & insurance claim support. Free estimate available.","Roof Repair in Myrtle Beach, SC","<p>Roof Repair in Myrtle Beach requires more than standard expertise. Linta Roofing's local team understands the specific challenges Myrtle Beach homes face — from coastal weather to neighborhood-specific architecture — and responds to active leaks within the same week. From the first inspection to the final cleanup, every project is built to last.</p>","<h3>How long does roof repair take in Myrtle Beach?</h3><p>Linta Roofing typically responds to active leaks within the same week. We'll confirm exact timing during your free inspection.</p><h3>Are you licensed in South Carolina?</h3><p>Yes. Linta Roofing is fully licensed and insured to operate in South Carolina.</p><h3>Do you handle insurance claims in Myrtle Beach?</h3><p>Yes — we work directly with insurance carriers and adjusters to document and restore covered damage.</p>","<iframe src=""https://maps.google.com/maps?q=Myrtle+Beach%2C+SC&z=12&output=embed"" width=""100%"" height=""450"" style=""border:0;"" allowfullscreen="""" loading=""lazy"" referrerpolicy=""no-referrer-when-downgrade"" title=""Map of Myrtle Beach, SC""></iframe>","Roof Repair","Myrtle Beach"
"212391109494","roof-repair-in-surfside-beach","2026-05-06 19:22:35","Roof Repair in Surfside Beach","0","2026-05-08 16:20:34","Roof Repair in Surfside Beach","Roof Replacement in Surfside Beach | Linta Roofing","Need roof repair in Surfside Beach? Get fast, professional roof repair with durable materials & insurance claim support. Free estimate available.","Roof Repair in Surfside Beach, SC","<p>Roof Repair in Surfside Beach requires more than standard expertise. Linta Roofing's local team understands the specific challenges Surfside Beach homes face — from coastal weather to neighborhood-specific architecture — and responds to active leaks within the same week. From the first inspection to the final cleanup, every project is built to last.</p>","<h3>How long does roof repair take in Surfside Beach?</h3><p>Linta Roofing typically responds to active leaks within the same week. We'll confirm exact timing during your free inspection.</p><h3>Are you licensed in South Carolina?</h3><p>Yes. Linta Roofing is fully licensed and insured to operate in South Carolina.</p><h3>Do you handle insurance claims in Surfside Beach?</h3><p>Yes — we work directly with insurance carriers and adjusters to document and restore covered damage.</p>","<iframe src=""https://maps.google.com/maps?q=Surfside+Beach%2C+SC&z=12&output=embed"" width=""100%"" height=""450"" style=""border:0;"" allowfullscreen="""" loading=""lazy"" referrerpolicy=""no-referrer-when-downgrade"" title=""Map of Surfside Beach, SC""></iframe>","Roof Repair","Surfside Beach"
"212391109495","roof-repair-in-murrells-inlet","2026-05-06 19:22:35","Roof Repair in Murrells Inlet","0","2026-05-08 18:47:39","Roof Repair in Murrells Inlet","Roof Replacement in Murrels Inlet | Linta Roofing","Need roof repair in Murrells Inlet? Get fast, professional roof repair with durable materials & insurance claim support. Free estimate available.","Roof Repair in Murrells Inlet, SC","<p>Roof Repair in Murrells Inlet requires more than standard expertise. Linta Roofing's local team understands the specific challenges Murrells Inlet homes face — from coastal weather to neighborhood-specific architecture — and responds to active leaks within the same week. From the first inspection to the final cleanup, every project is built to last.</p>","<h3>How long does roof repair take in Murrells Inlet?</h3><p>Linta Roofing typically responds to active leaks within the same week. We'll confirm exact timing during your free inspection.</p><h3>Are you licensed in South Carolina?</h3><p>Yes. Linta Roofing is fully licensed and insured to operate in South Carolina.</p><h3>Do you handle insurance claims in Murrells Inlet?</h3><p>Yes — we work directly with insurance carriers and adjusters to document and restore covered damage.</p>","<iframe src=""https://maps.google.com/maps?q=Murrells+Inlet%2C+SC&z=12&output=embed"" width=""100%"" height=""450"" style=""border:0;"" allowfullscreen="""" loading=""lazy"" referrerpolicy=""no-referrer-when-downgrade"" title=""Map of Murrells Inlet, SC""></iframe>","Roof Repair","Murrells Inlet"
"212391109496","roof-repair-in-carolina-forest","2026-05-06 19:22:35","Roof Repair in Carolina Forest","0","2026-05-08 16:20:34","Roof Repair in Carolina Forest","Roof Replacement in Carolina Forest | Linta Roofing","Need roof repair in Carolina Forest? Get fast, professional roof repair with durable materials & insurance claim support. Free estimate available.","Roof Repair in Carolina Forest, SC","<p>Roof Repair in Carolina Forest requires more than standard expertise. Linta Roofing's local team understands the specific challenges Carolina Forest homes face — from coastal weather to neighborhood-specific architecture — and responds to active leaks within the same week. From the first inspection to the final cleanup, every project is built to last.</p>","<h3>How long does roof repair take in Carolina Forest?</h3><p>Linta Roofing typically responds to active leaks within the same week. We'll confirm exact timing during your free inspection.</p><h3>Are you licensed in South Carolina?</h3><p>Yes. Linta Roofing is fully licensed and insured to operate in South Carolina.</p><h3>Do you handle insurance claims in Carolina Forest?</h3><p>Yes — we work directly with insurance carriers and adjusters to document and restore covered damage.</p>","<iframe src=""https://maps.google.com/maps?q=Carolina+Forest%2C+SC&z=12&output=embed"" width=""100%"" height=""450"" style=""border:0;"" allowfullscreen="""" loading=""lazy"" referrerpolicy=""no-referrer-when-downgrade"" title=""Map of Carolina Forest, SC""></iframe>","Roof Repair","Carolina Forest"
"212391109497","roof-repair-in-conway","2026-05-06 19:22:35","Roof Repair in Conway","0","2026-05-08 16:20:34","Roof Repair in Conway","Conway","Need a roof repair in Conway? Get fast, professional roof repair with durable materials & insurance claim support. Free estimate available.","Roof Repair in Conway, SC","<p>Roof Repair in Conway requires more than standard expertise. Linta Roofing's local team understands the specific challenges Conway homes face — from coastal weather to neighborhood-specific architecture — and responds to active leaks within the same week. From the first inspection to the final cleanup, every project is built to last.</p>","<h3>How long does roof repair take in Conway?</h3><p>Linta Roofing typically responds to active leaks within the same week. We'll confirm exact timing during your free inspection.</p><h3>Are you licensed in South Carolina?</h3><p>Yes. Linta Roofing is fully licensed and insured to operate in South Carolina.</p><h3>Do you handle insurance claims in Conway?</h3><p>Yes — we work directly with insurance carriers and adjusters to document and restore covered damage.</p>","<iframe src=""https://maps.google.com/maps?q=Conway%2C+SC&z=12&output=embed"" width=""100%"" height=""450"" style=""border:0;"" allowfullscreen="""" loading=""lazy"" referrerpolicy=""no-referrer-when-downgrade"" title=""Map of Conway, SC""></iframe>","Roof Repair","Conway"
"212391109498","roof-repair-in-north-myrtle-beach","2026-05-06 19:22:35","Roof Repair in North Myrtle Beach","0","2026-05-08 16:20:34","Roof Repair in North Myrtle Beach","Roof Replacement in North Myrtle Beach | Linta Roofing","Need roof repair in North Myrtle Beach? Get fast, professional roof repair with durable materials & insurance claim support. Free estimate available.","Roof Repair in North Myrtle Beach, SC","<p>Roof Repair in North Myrtle Beach requires more than standard expertise. Linta Roofing's local team understands the specific challenges North Myrtle Beach homes face — from coastal weather to neighborhood-specific architecture — and responds to active leaks within the same week. From the first inspection to the final cleanup, every project is built to last.</p>","<h3>How long does roof repair take in North Myrtle Beach?</h3><p>Linta Roofing typically responds to active leaks within the same week. We'll confirm exact timing during your free inspection.</p><h3>Are you licensed in South Carolina?</h3><p>Yes. Linta Roofing is fully licensed and insured to operate in South Carolina.</p><h3>Do you handle insurance claims in North Myrtle Beach?</h3><p>Yes — we work directly with insurance carriers and adjusters to document and restore covered damage.</p>","<iframe src=""https://maps.google.com/maps?q=North+Myrtle+Beach%2C+SC&z=12&output=embed"" width=""100%"" height=""450"" style=""border:0;"" allowfullscreen="""" loading=""lazy"" referrerpolicy=""no-referrer-when-downgrade"" title=""Map of North Myrtle Beach, SC""></iframe>","Roof Repair","North Myrtle Beach"
"212391109499","roof-repair-in-little-river","2026-05-06 19:22:35","Roof Repair in Little River","0","2026-05-08 16:20:34","Roof Repair in Little River","Roof Replacement in Little River | Linta Roofing","Need roof repair in Little River? Get fast, professional roof repair with durable materials & insurance claim support. Free estimate available.","Roof Repair in Little River, SC","<p>Roof Repair in Little River requires more than standard expertise. Linta Roofing's local team understands the specific challenges Little River homes face — from coastal weather to neighborhood-specific architecture — and responds to active leaks within the same week. From the first inspection to the final cleanup, every project is built to last.</p>","<h3>How long does roof repair take in Little River?</h3><p>Linta Roofing typically responds to active leaks within the same week. We'll confirm exact timing during your free inspection.</p><h3>Are you licensed in South Carolina?</h3><p>Yes. Linta Roofing is fully licensed and insured to operate in South Carolina.</p><h3>Do you handle insurance claims in Little River?</h3><p>Yes — we work directly with insurance carriers and adjusters to document and restore covered damage.</p>","<iframe src=""https://maps.google.com/maps?q=Little+River%2C+SC&z=12&output=embed"" width=""100%"" height=""450"" style=""border:0;"" allowfullscreen="""" loading=""lazy"" referrerpolicy=""no-referrer-when-downgrade"" title=""Map of Little River, SC""></iframe>","Roof Repair","Little River"
"212391109500","roof-repair-in-ocean-isle-beach","2026-05-06 19:22:35","Roof Repair in Ocean Isle Beach","0","2026-05-08 16:20:34","Roof Repair in Ocean Isle Beach","Roof Replacement in Ocean Isle Beach | Linta Roofing","Need roof repair in Ocean Isle Beach? Get fast, professional roof repair with durable materials & insurance claim support. Free estimate available.","Roof Repair in Ocean Isle Beach, NC","<p>Roof Repair in Ocean Isle Beach requires more than standard expertise. Linta Roofing's local team understands the specific challenges Ocean Isle Beach homes face — from coastal weather to neighborhood-specific architecture — and responds to active leaks within the same week. From the first inspection to the final cleanup, every project is built to last.</p>","<h3>How long does roof repair take in Ocean Isle Beach?</h3><p>Linta Roofing typically responds to active leaks within the same week. We'll confirm exact timing during your free inspection.</p><h3>Are you licensed in North Carolina?</h3><p>Yes. Linta Roofing is fully licensed and insured to operate in North Carolina.</p><h3>Do you handle insurance claims in Ocean Isle Beach?</h3><p>Yes — we work directly with insurance carriers and adjusters to document and restore covered damage.</p>","<iframe src=""https://maps.google.com/maps?q=Ocean+Isle+Beach%2C+NC&z=12&output=embed"" width=""100%"" height=""450"" style=""border:0;"" allowfullscreen="""" loading=""lazy"" referrerpolicy=""no-referrer-when-downgrade"" title=""Map of Ocean Isle Beach, NC""></iframe>","Roof Repair","Ocean Isle Beach"
"212391109501","roof-repair-in-holden-beach","2026-05-06 19:22:35","Roof Repair in Holden Beach","0","2026-05-08 16:20:34","Roof Repair in Holden Beach","Roof Replacement in Holden Beach | Linta Roofing","Need a reliable roof repair in Holden Beach? Get fast, professional leak detection & storm damage restoration with durable materials & insurance claim support. Free estimate available.","Roof Repair in Holden Beach, NC","<p>Roof Repair in Holden Beach requires more than standard expertise. Linta Roofing's local team understands the specific challenges Holden Beach homes face — from coastal weather to neighborhood-specific architecture — and responds to active leaks within the same week. From the first inspection to the final cleanup, every project is built to last.</p>","<h3>How long does roof repair take in Holden Beach?</h3><p>Linta Roofing typically responds to active leaks within the same week. We'll confirm exact timing during your free inspection.</p><h3>Are you licensed in North Carolina?</h3><p>Yes. Linta Roofing is fully licensed and insured to operate in North Carolina.</p><h3>Do you handle insurance claims in Holden Beach?</h3><p>Yes — we work directly with insurance carriers and adjusters to document and restore covered damage.</p>","<iframe src=""https://maps.google.com/maps?q=Holden+Beach%2C+NC&z=12&output=embed"" width=""100%"" height=""450"" style=""border:0;"" allowfullscreen="""" loading=""lazy"" referrerpolicy=""no-referrer-when-downgrade"" title=""Map of Holden Beach, NC""></iframe>","Roof Repair","Holden Beach"
"212391109502","roof-repair-in-sunset-beach","2026-05-06 19:22:35","Roof Repair in Sunset Beach","0","2026-05-08 16:20:34","Roof Repair in Sunset Beach","Sunset Beach","Need roof repairs in Sunset Beach? Get fast, professional leak detection and roofing repairs with durable materials and coastal weather protection. Free estimate available.","Roof Repair in Sunset Beach, NC","<p>Roof Repair in Sunset Beach requires more than standard expertise. Linta Roofing's local team understands the specific challenges Sunset Beach homes face — from coastal weather to neighborhood-specific architecture — and responds to active leaks within the same week. From the first inspection to the final cleanup, every project is built to last.</p>","<h3>How long does roof repair take in Sunset Beach?</h3><p>Linta Roofing typically responds to active leaks within the same week. We'll confirm exact timing during your free inspection.</p><h3>Are you licensed in North Carolina?</h3><p>Yes. Linta Roofing is fully licensed and insured to operate in North Carolina.</p><h3>Do you handle insurance claims in Sunset Beach?</h3><p>Yes — we work directly with insurance carriers and adjusters to document and restore covered damage.</p>","<iframe src=""https://maps.google.com/maps?q=Sunset+Beach%2C+NC&z=12&output=embed"" width=""100%"" height=""450"" style=""border:0;"" allowfullscreen="""" loading=""lazy"" referrerpolicy=""no-referrer-when-downgrade"" title=""Map of Sunset Beach, NC""></iframe>","Roof Repair","Sunset Beach"
"212391109503","roof-repair-in-oak-island","2026-05-06 19:22:35","Roof Repair in Oak Island","0","2026-05-08 19:36:02","Roof Repair in Oak Island","Roof Replacement in Oak Island Beach | Linta Roofing","Need professional roof repair in Oak Island Beach? Get fast, reliable solutions for leaks, damaged shingles, and coastal wear with expert support. Free estimate available.","Roof Repair in Oak Island, NC","<p>Roof Repair in Oak Island requires more than standard expertise. Linta Roofing's local team understands the specific challenges Oak Island homes face — from coastal weather to neighborhood-specific architecture — and responds to active leaks within the same week. From the first inspection to the final cleanup, every project is built to last.</p>","<h3>How long does roof repair take in Oak Island?</h3><p>Linta Roofing typically responds to active leaks within the same week. We'll confirm exact timing during your free inspection.</p><h3>Are you licensed in North Carolina?</h3><p>Yes. Linta Roofing is fully licensed and insured to operate in North Carolina.</p><h3>Do you handle insurance claims in Oak Island?</h3><p>Yes — we work directly with insurance carriers and adjusters to document and restore covered damage.</p>","<iframe src=""https://maps.google.com/maps?q=Oak+Island%2C+NC&z=12&output=embed"" width=""100%"" height=""450"" style=""border:0;"" allowfullscreen="""" loading=""lazy"" referrerpolicy=""no-referrer-when-downgrade"" title=""Map of Oak Island, NC""></iframe>","Roof Repair","Oak Island"
"212391109504","roof-repair-in-caswell-beach","2026-05-06 19:22:35","Roof Repair in Caswell Beach","0","2026-05-08 16:20:34","Roof Repair in Caswell Beach","Roof Replacement in Caswell Beach | Linta Roofing","Need a roof repair in Caswell Beach? Get fast, professional roof repair with durable materials & insurance claim support. Free estimate available.","Roof Repair in Caswell Beach, NC","<p>Roof Repair in Caswell Beach requires more than standard expertise. Linta Roofing's local team understands the specific challenges Caswell Beach homes face — from coastal weather to neighborhood-specific architecture — and responds to active leaks within the same week. From the first inspection to the final cleanup, every project is built to last.</p>","<h3>How long does roof repair take in Caswell Beach?</h3><p>Linta Roofing typically responds to active leaks within the same week. We'll confirm exact timing during your free inspection.</p><h3>Are you licensed in North Carolina?</h3><p>Yes. Linta Roofing is fully licensed and insured to operate in North Carolina.</p><h3>Do you handle insurance claims in Caswell Beach?</h3><p>Yes — we work directly with insurance carriers and adjusters to document and restore covered damage.</p>","<iframe src=""https://maps.google.com/maps?q=Caswell+Beach%2C+NC&z=12&output=embed"" width=""100%"" height=""450"" style=""border:0;"" allowfullscreen="""" loading=""lazy"" referrerpolicy=""no-referrer-when-downgrade"" title=""Map of Caswell Beach, NC""></iframe>","Roof Repair","Caswell Beach"
"212391109505","roof-repair-in-long-beach","2026-05-06 19:22:35","Roof Repair in Long Beach","0","2026-05-08 16:20:34","Roof Repair in Long Beach","Roof Replacement in Long Beach | Linta Roofing","Need a roof repair in Long Beach? Get fast, professional roof repair with durable materials & insurance claim support. Free estimate available.","Roof Repair in Long Beach, NC","<p>Roof Repair in Long Beach requires more than standard expertise. Linta Roofing's local team understands the specific challenges Long Beach homes face — from coastal weather to neighborhood-specific architecture — and responds to active leaks within the same week. From the first inspection to the final cleanup, every project is built to last.</p>","<h3>How long does roof repair take in Long Beach?</h3><p>Linta Roofing typically responds to active leaks within the same week. We'll confirm exact timing during your free inspection.</p><h3>Are you licensed in North Carolina?</h3><p>Yes. Linta Roofing is fully licensed and insured to operate in North Carolina.</p><h3>Do you handle insurance claims in Long Beach?</h3><p>Yes — we work directly with insurance carriers and adjusters to document and restore covered damage.</p>","<iframe src=""https://maps.google.com/maps?q=Long+Beach%2C+NC&z=12&output=embed"" width=""100%"" height=""450"" style=""border:0;"" allowfullscreen="""" loading=""lazy"" referrerpolicy=""no-referrer-when-downgrade"" title=""Map of Long Beach, NC""></iframe>","Roof Repair","Long Beach"
"212391109506","roof-repair-in-brunswick-county","2026-05-06 19:22:35","Roof Repair in Brunswick County","0","2026-05-08 16:20:34","Roof Repair in Brunswick County","Roof Replacement in Brunswick County | Linta Roofing","Need roof repair in Brunswick County? Get fast, professional roof repairs with durable materials and insurance claim support. Free estimate available.","Roof Repair in Brunswick County, NC","<p>Roof Repair across Brunswick County demands more than a one-size-fits-all approach. Linta Roofing's local team understands the range of homes and weather conditions across the county — from inland properties to oceanfront communities — and responds to active leaks within the same week. From the first inspection to the final cleanup, every project is built to last.</p>","<h3>How long does roof repair take in Brunswick County?</h3><p>Linta Roofing typically responds to active leaks within the same week. We'll confirm exact timing during your free inspection.</p><h3>Are you licensed in North Carolina?</h3><p>Yes. Linta Roofing is fully licensed and insured to operate in North Carolina.</p><h3>Do you handle insurance claims in Brunswick County?</h3><p>Yes — we work directly with insurance carriers and adjusters to document and restore covered damage.</p>","<iframe src=""https://maps.google.com/maps?q=Brunswick+County%2C+NC&z=10&output=embed"" width=""100%"" height=""450"" style=""border:0;"" allowfullscreen="""" loading=""lazy"" referrerpolicy=""no-referrer-when-downgrade"" title=""Map of Brunswick County, NC""></iframe>","Roof Repair","Brunswick County"
"212391109507","roof-repair-in-columbus-county","2026-05-06 19:22:35","Roof Repair in Columbus County","0","2026-05-08 16:20:34","Roof Repair in Columbus County","Roof Replacement in Columbus County | Linta Roofing","Need expert roof repair in Columbus County? Get fast, professional service with durable materials & insurance claim support. Free estimate available.","Roof Repair in Columbus County, NC","<p>Roof Repair across Columbus County demands more than a one-size-fits-all approach. Linta Roofing's local team understands the range of homes and weather conditions across the county — from inland properties to oceanfront communities — and responds to active leaks within the same week. From the first inspection to the final cleanup, every project is built to last.</p>","<h3>How long does roof repair take in Columbus County?</h3><p>Linta Roofing typically responds to active leaks within the same week. We'll confirm exact timing during your free inspection.</p><h3>Are you licensed in North Carolina?</h3><p>Yes. Linta Roofing is fully licensed and insured to operate in North Carolina.</p><h3>Do you handle insurance claims in Columbus County?</h3><p>Yes — we work directly with insurance carriers and adjusters to document and restore covered damage.</p>","<iframe src=""https://maps.google.com/maps?q=Columbus+County%2C+NC&z=10&output=embed"" width=""100%"" height=""450"" style=""border:0;"" allowfullscreen="""" loading=""lazy"" referrerpolicy=""no-referrer-when-downgrade"" title=""Map of Columbus County, NC""></iframe>","Roof Repair","Columbus County"
"212391109508","roof-repair-in-georgetown-county","2026-05-06 19:22:35","Roof Repair in Georgetown County","0","2026-05-08 16:20:34","Roof Repair in Georgetown County","Roof Replacement in Georgetown County | Linta Roofing","Need roof repairs in Georgetown County? Get fast, professional roof repair with durable materials & insurance claim support. Free estimate available.","Roof Repair in Georgetown County, SC","<p>Roof Repair across Georgetown County demands more than a one-size-fits-all approach. Linta Roofing's local team understands the range of homes and weather conditions across the county — from inland properties to oceanfront communities — and responds to active leaks within the same week. From the first inspection to the final cleanup, every project is built to last.</p>","<h3>How long does roof repair take in Georgetown County?</h3><p>Linta Roofing typically responds to active leaks within the same week. We'll confirm exact timing during your free inspection.</p><h3>Are you licensed in South Carolina?</h3><p>Yes. Linta Roofing is fully licensed and insured to operate in South Carolina.</p><h3>Do you handle insurance claims in Georgetown County?</h3><p>Yes — we work directly with insurance carriers and adjusters to document and restore covered damage.</p>","<iframe src=""https://maps.google.com/maps?q=Georgetown+County%2C+SC&z=10&output=embed"" width=""100%"" height=""450"" style=""border:0;"" allowfullscreen="""" loading=""lazy"" referrerpolicy=""no-referrer-when-downgrade"" title=""Map of Georgetown County, SC""></iframe>","Roof Repair","Georgetown County"
"212391109509","roof-repair-in-georgetown","2026-05-06 19:22:35","Roof Repair in Georgetown","0","2026-05-08 16:20:34","Roof Repair in Georgetown","Roof Replacement in Georgetown","Need a roof repair in Georgetown? Get fast, professional roof repair with durable materials & insurance claim support. Free estimate available.","Roof Repair in Georgetown, SC","<p>Roof Repair in Georgetown requires more than standard expertise. Linta Roofing's local team understands the specific challenges Georgetown homes face — from coastal weather to neighborhood-specific architecture — and responds to active leaks within the same week. From the first inspection to the final cleanup, every project is built to last.</p>","<h3>How long does roof repair take in Georgetown?</h3><p>Linta Roofing typically responds to active leaks within the same week. We'll confirm exact timing during your free inspection.</p><h3>Are you licensed in South Carolina?</h3><p>Yes. Linta Roofing is fully licensed and insured to operate in South Carolina.</p><h3>Do you handle insurance claims in Georgetown?</h3><p>Yes — we work directly with insurance carriers and adjusters to document and restore covered damage.</p>","<iframe src=""https://maps.google.com/maps?q=Georgetown%2C+SC&z=12&output=embed"" width=""100%"" height=""450"" style=""border:0;"" allowfullscreen="""" loading=""lazy"" referrerpolicy=""no-referrer-when-downgrade"" title=""Map of Georgetown, SC""></iframe>","Roof Repair","Georgetown"
"212391109510","roof-repair-in-marion-county","2026-05-06 19:22:35","Roof Repair in Marion County","0","2026-05-08 16:20:34","Roof Repair in Marion County","Roof Replacement in Marion County | Linta Roofing","Need expert roof repair in Marion County? Get fast, professional roof repairs with durable materials & insurance claim support. Free estimate available.","Roof Repair in Marion County, SC","<p>Roof Repair across Marion County demands more than a one-size-fits-all approach. Linta Roofing's local team understands the range of homes and weather conditions across the county — from inland properties to oceanfront communities — and responds to active leaks within the same week. From the first inspection to the final cleanup, every project is built to last.</p>","<h3>How long does roof repair take in Marion County?</h3><p>Linta Roofing typically responds to active leaks within the same week. We'll confirm exact timing during your free inspection.</p><h3>Are you licensed in South Carolina?</h3><p>Yes. Linta Roofing is fully licensed and insured to operate in South Carolina.</p><h3>Do you handle insurance claims in Marion County?</h3><p>Yes — we work directly with insurance carriers and adjusters to document and restore covered damage.</p>","<iframe src=""https://maps.google.com/maps?q=Marion+County%2C+SC&z=10&output=embed"" width=""100%"" height=""450"" style=""border:0;"" allowfullscreen="""" loading=""lazy"" referrerpolicy=""no-referrer-when-downgrade"" title=""Map of Marion County, SC""></iframe>","Roof Repair","Marion County"
"212391109511","roof-inspection-in-myrtle-beach","2026-05-06 19:22:35","Roof Inspection in Myrtle Beach","0","2026-05-08 16:20:34","Roof Inspection in Myrtle Beach","Roof Replacement in Myrtle Beach | Linta Roofing","Need a professional roof inspection in Myrtle Beach? Get a thorough, expert assessment of your roof's condition with detailed damage reporting and insurance support. Free inspection available.","Roof Inspection in Myrtle Beach, SC","<p>Roof Inspection in Myrtle Beach requires more than standard expertise. Linta Roofing's local team understands the specific challenges Myrtle Beach homes face — from coastal weather to neighborhood-specific architecture — and delivers a free 21-point inspection report within 60 to 90 minutes. From the first inspection to the final cleanup, every project is built to last.</p>","<h3>How long does roof inspection take in Myrtle Beach?</h3><p>Linta Roofing typically delivers a free 21-point inspection report within 60 to 90 minutes. We'll confirm exact timing during your free inspection.</p><h3>Are you licensed in South Carolina?</h3><p>Yes. Linta Roofing is fully licensed and insured to operate in South Carolina.</p><h3>Do you handle insurance claims in Myrtle Beach?</h3><p>Yes — we work directly with insurance carriers and adjusters to document and restore covered damage.</p>","<iframe src=""https://maps.google.com/maps?q=Myrtle+Beach%2C+SC&z=12&output=embed"" width=""100%"" height=""450"" style=""border:0;"" allowfullscreen="""" loading=""lazy"" referrerpolicy=""no-referrer-when-downgrade"" title=""Map of Myrtle Beach, SC""></iframe>","Roof Inspection","Myrtle Beach"
"212391109512","roof-inspection-in-surfside-beach","2026-05-06 19:22:35","Roof Inspection in Surfside Beach","0","2026-05-08 16:20:34","Roof Inspection in Surfside Beach","Roof Replacement in Surfside Beach | Linta Roofing","Need a professional roof inspection in Surfside Beach? Get a thorough assessment from local experts to identify damage and ensure your roof's integrity. Free estimate available.","Roof Inspection in Surfside Beach, SC","<p>Roof Inspection in Surfside Beach requires more than standard expertise. Linta Roofing's local team understands the specific challenges Surfside Beach homes face — from coastal weather to neighborhood-specific architecture — and delivers a free 21-point inspection report within 60 to 90 minutes. From the first inspection to the final cleanup, every project is built to last.</p>","<h3>How long does roof inspection take in Surfside Beach?</h3><p>Linta Roofing typically delivers a free 21-point inspection report within 60 to 90 minutes. We'll confirm exact timing during your free inspection.</p><h3>Are you licensed in South Carolina?</h3><p>Yes. Linta Roofing is fully licensed and insured to operate in South Carolina.</p><h3>Do you handle insurance claims in Surfside Beach?</h3><p>Yes — we work directly with insurance carriers and adjusters to document and restore covered damage.</p>","<iframe src=""https://maps.google.com/maps?q=Surfside+Beach%2C+SC&z=12&output=embed"" width=""100%"" height=""450"" style=""border:0;"" allowfullscreen="""" loading=""lazy"" referrerpolicy=""no-referrer-when-downgrade"" title=""Map of Surfside Beach, SC""></iframe>","Roof Inspection","Surfside Beach"
"212391109513","roof-inspection-in-murrells-inlet","2026-05-06 19:22:35","Roof Inspection in Murrells Inlet","0","2026-05-08 16:20:34","Roof Inspection in Murrells Inlet","Roof Replacement in Murrels Inlet | Linta Roofing","Need a roof inspection in Murrells Inlet? Get a professional assessment of your roof's health with detailed reporting and expert guidance. Free estimate available.","Roof Inspection in Murrells Inlet, SC","<p>Roof Inspection in Murrells Inlet requires more than standard expertise. Linta Roofing's local team understands the specific challenges Murrells Inlet homes face — from coastal weather to neighborhood-specific architecture — and delivers a free 21-point inspection report within 60 to 90 minutes. From the first inspection to the final cleanup, every project is built to last.</p>","<h3>How long does roof inspection take in Murrells Inlet?</h3><p>Linta Roofing typically delivers a free 21-point inspection report within 60 to 90 minutes. We'll confirm exact timing during your free inspection.</p><h3>Are you licensed in South Carolina?</h3><p>Yes. Linta Roofing is fully licensed and insured to operate in South Carolina.</p><h3>Do you handle insurance claims in Murrells Inlet?</h3><p>Yes — we work directly with insurance carriers and adjusters to document and restore covered damage.</p>","<iframe src=""https://maps.google.com/maps?q=Murrells+Inlet%2C+SC&z=12&output=embed"" width=""100%"" height=""450"" style=""border:0;"" allowfullscreen="""" loading=""lazy"" referrerpolicy=""no-referrer-when-downgrade"" title=""Map of Murrells Inlet, SC""></iframe>","Roof Inspection","Murrells Inlet"
"212391109514","roof-inspection-in-carolina-forest","2026-05-06 19:22:35","Roof Inspection in Carolina Forest","0","2026-05-08 16:20:34","Roof Inspection in Carolina Forest","Roof Replacement in Carolina Forest | Linta Roofing","Concerned about the condition of your roof in Carolina Forest? Get a professional roof inspection with expert damage assessment and insurance support. Free estimates available.","Roof Inspection in Carolina Forest, SC","<p>Roof Inspection in Carolina Forest requires more than standard expertise. Linta Roofing's local team understands the specific challenges Carolina Forest homes face — from coastal weather to neighborhood-specific architecture — and delivers a free 21-point inspection report within 60 to 90 minutes. From the first inspection to the final cleanup, every project is built to last.</p>","<h3>How long does roof inspection take in Carolina Forest?</h3><p>Linta Roofing typically delivers a free 21-point inspection report within 60 to 90 minutes. We'll confirm exact timing during your free inspection.</p><h3>Are you licensed in South Carolina?</h3><p>Yes. Linta Roofing is fully licensed and insured to operate in South Carolina.</p><h3>Do you handle insurance claims in Carolina Forest?</h3><p>Yes — we work directly with insurance carriers and adjusters to document and restore covered damage.</p>","<iframe src=""https://maps.google.com/maps?q=Carolina+Forest%2C+SC&z=12&output=embed"" width=""100%"" height=""450"" style=""border:0;"" allowfullscreen="""" loading=""lazy"" referrerpolicy=""no-referrer-when-downgrade"" title=""Map of Carolina Forest, SC""></iframe>","Roof Inspection","Carolina Forest"
"212391109515","roof-inspection-in-conway","2026-05-06 19:22:35","Roof Inspection in Conway","0","2026-05-08 16:20:34","Roof Inspection in Conway","Roof Replacement in Carolina Forest | Linta Roofing","Need a professional roof inspection in Conway? Get a thorough assessment of your roof's condition from our local experts. Schedule your free inspection today.","Roof Inspection in Conway, SC","<p>Roof Inspection in Conway requires more than standard expertise. Linta Roofing's local team understands the specific challenges Conway homes face — from coastal weather to neighborhood-specific architecture — and delivers a free 21-point inspection report within 60 to 90 minutes. From the first inspection to the final cleanup, every project is built to last.</p>","<h3>How long does roof inspection take in Conway?</h3><p>Linta Roofing typically delivers a free 21-point inspection report within 60 to 90 minutes. We'll confirm exact timing during your free inspection.</p><h3>Are you licensed in South Carolina?</h3><p>Yes. Linta Roofing is fully licensed and insured to operate in South Carolina.</p><h3>Do you handle insurance claims in Conway?</h3><p>Yes — we work directly with insurance carriers and adjusters to document and restore covered damage.</p>","<iframe src=""https://maps.google.com/maps?q=Conway%2C+SC&z=12&output=embed"" width=""100%"" height=""450"" style=""border:0;"" allowfullscreen="""" loading=""lazy"" referrerpolicy=""no-referrer-when-downgrade"" title=""Map of Conway, SC""></iframe>","Roof Inspection","Conway"
"212391109516","roof-inspection-in-north-myrtle-beach","2026-05-06 19:22:35","Roof Inspection in North Myrtle Beach","0","2026-05-08 16:20:34","Roof Inspection in North Myrtle Beach","Roof Replacement in Carolina Forest | Linta Roofing","Need a roof inspection in North Myrtle Beach? Get a fast, professional assessment with detailed documentation & expert guidance on your roof's condition. Free inspection available.","Professional Roof Inspection in North Myrtle Beach, SC","<p>Roof Inspection in North Myrtle Beach requires more than standard expertise. Linta Roofing's local team understands the specific challenges North Myrtle Beach homes face — from coastal weather to neighborhood-specific architecture — and delivers a free 21-point inspection report within 60 to 90 minutes. From the first inspection to the final cleanup, every project is built to last.</p>","<h3>How long does roof inspection take in North Myrtle Beach?</h3><p>Linta Roofing typically delivers a free 21-point inspection report within 60 to 90 minutes. We'll confirm exact timing during your free inspection.</p><h3>Are you licensed in South Carolina?</h3><p>Yes. Linta Roofing is fully licensed and insured to operate in South Carolina.</p><h3>Do you handle insurance claims in North Myrtle Beach?</h3><p>Yes — we work directly with insurance carriers and adjusters to document and restore covered damage.</p>","<iframe src=""https://maps.google.com/maps?q=North+Myrtle+Beach%2C+SC&z=12&output=embed"" width=""100%"" height=""450"" style=""border:0;"" allowfullscreen="""" loading=""lazy"" referrerpolicy=""no-referrer-when-downgrade"" title=""Map of North Myrtle Beach, SC""></iframe>","Roof Inspection","North Myrtle Beach"
"212391109517","roof-inspection-in-little-river","2026-05-06 19:22:35","Roof Inspection in Little River","0","2026-05-08 16:20:34","Roof Inspection in Little River","Roof Replacement in Carolina Forest | Linta Roofing","Need a roof inspection in Little River? Get a fast, professional assessment of your roof's condition, leaks, and storm damage. Free estimate available.","Roof Inspection in Little River, SC","<p>Roof Inspection in Little River requires more than standard expertise. Linta Roofing's local team understands the specific challenges Little River homes face — from coastal weather to neighborhood-specific architecture — and delivers a free 21-point inspection report within 60 to 90 minutes. From the first inspection to the final cleanup, every project is built to last.</p>","<h3>How long does roof inspection take in Little River?</h3><p>Linta Roofing typically delivers a free 21-point inspection report within 60 to 90 minutes. We'll confirm exact timing during your free inspection.</p><h3>Are you licensed in South Carolina?</h3><p>Yes. Linta Roofing is fully licensed and insured to operate in South Carolina.</p><h3>Do you handle insurance claims in Little River?</h3><p>Yes — we work directly with insurance carriers and adjusters to document and restore covered damage.</p>","<iframe src=""https://maps.google.com/maps?q=Little+River%2C+SC&z=12&output=embed"" width=""100%"" height=""450"" style=""border:0;"" allowfullscreen="""" loading=""lazy"" referrerpolicy=""no-referrer-when-downgrade"" title=""Map of Little River, SC""></iframe>","Roof Inspection","Little River"
"212391109518","roof-inspection-in-ocean-isle-beach","2026-05-06 19:22:35","Roof Inspection in Ocean Isle Beach","0","2026-05-08 16:20:34","Roof Inspection in Ocean Isle Beach","Roof Replacement in Carolina Forest | Linta Roofing","Need a roof inspection in Ocean Isle Beach? Get fast, professional roof inspection services with thorough assessments & storm damage evaluation. Free estimate available.","Professional Roof Inspection in Ocean Isle Beach, NC","<p>Roof Inspection in Ocean Isle Beach requires more than standard expertise. Linta Roofing's local team understands the specific challenges Ocean Isle Beach homes face — from coastal weather to neighborhood-specific architecture — and delivers a free 21-point inspection report within 60 to 90 minutes. From the first inspection to the final cleanup, every project is built to last.</p>","<h3>How long does roof inspection take in Ocean Isle Beach?</h3><p>Linta Roofing typically delivers a free 21-point inspection report within 60 to 90 minutes. We'll confirm exact timing during your free inspection.</p><h3>Are you licensed in North Carolina?</h3><p>Yes. Linta Roofing is fully licensed and insured to operate in North Carolina.</p><h3>Do you handle insurance claims in Ocean Isle Beach?</h3><p>Yes — we work directly with insurance carriers and adjusters to document and restore covered damage.</p>","<iframe src=""https://maps.google.com/maps?q=Ocean+Isle+Beach%2C+NC&z=12&output=embed"" width=""100%"" height=""450"" style=""border:0;"" allowfullscreen="""" loading=""lazy"" referrerpolicy=""no-referrer-when-downgrade"" title=""Map of Ocean Isle Beach, NC""></iframe>","Roof Inspection","Ocean Isle Beach"
"212391109519","roof-inspection-in-holden-beach","2026-05-06 19:22:35","Roof Inspection in Holden Beach","0","2026-05-08 16:20:34","Roof Inspection in Holden Beach","Roof Replacement in Carolina Forest | Linta Roofing","Need a professional roof inspection in Holden Beach? Get a comprehensive evaluation of your roof's condition, including storm damage assessment and maintenance recommendations. Free estimate available.","Roof Inspection in Holden Beach, NC","<p>Roof Inspection in Holden Beach requires more than standard expertise. Linta Roofing's local team understands the specific challenges Holden Beach homes face — from coastal weather to neighborhood-specific architecture — and delivers a free 21-point inspection report within 60 to 90 minutes. From the first inspection to the final cleanup, every project is built to last.</p>","<h3>How long does roof inspection take in Holden Beach?</h3><p>Linta Roofing typically delivers a free 21-point inspection report within 60 to 90 minutes. We'll confirm exact timing during your free inspection.</p><h3>Are you licensed in North Carolina?</h3><p>Yes. Linta Roofing is fully licensed and insured to operate in North Carolina.</p><h3>Do you handle insurance claims in Holden Beach?</h3><p>Yes — we work directly with insurance carriers and adjusters to document and restore covered damage.</p>","<iframe src=""https://maps.google.com/maps?q=Holden+Beach%2C+NC&z=12&output=embed"" width=""100%"" height=""450"" style=""border:0;"" allowfullscreen="""" loading=""lazy"" referrerpolicy=""no-referrer-when-downgrade"" title=""Map of Holden Beach, NC""></iframe>","Roof Inspection","Holden Beach"
"212391109520","roof-inspection-in-sunset-beach","2026-05-06 19:22:35","Roof Inspection in Sunset Beach","0","2026-05-08 16:20:34","Roof Inspection in Sunset Beach","Roof Replacement in Carolina Forest | Linta Roofing","Need a roof inspection in Sunset Beach? Get a thorough, professional assessment of your roof's condition with detailed documentation and expert recommendations. Free estimate available.","Roof Inspection in Sunset Beach, NC","<p>Roof Inspection in Sunset Beach requires more than standard expertise. Linta Roofing's local team understands the specific challenges Sunset Beach homes face — from coastal weather to neighborhood-specific architecture — and delivers a free 21-point inspection report within 60 to 90 minutes. From the first inspection to the final cleanup, every project is built to last.</p>","<h3>How long does roof inspection take in Sunset Beach?</h3><p>Linta Roofing typically delivers a free 21-point inspection report within 60 to 90 minutes. We'll confirm exact timing during your free inspection.</p><h3>Are you licensed in North Carolina?</h3><p>Yes. Linta Roofing is fully licensed and insured to operate in North Carolina.</p><h3>Do you handle insurance claims in Sunset Beach?</h3><p>Yes — we work directly with insurance carriers and adjusters to document and restore covered damage.</p>","<iframe src=""https://maps.google.com/maps?q=Sunset+Beach%2C+NC&z=12&output=embed"" width=""100%"" height=""450"" style=""border:0;"" allowfullscreen="""" loading=""lazy"" referrerpolicy=""no-referrer-when-downgrade"" title=""Map of Sunset Beach, NC""></iframe>","Roof Inspection","Sunset Beach"
"212391109521","roof-inspection-in-oak-island","2026-05-06 19:22:35","Roof Inspection in Oak Island","0","2026-05-08 19:35:46","Roof Inspection in Oak Island","Roof Replacement in Carolina Forest | Linta Roofing","Need a roof inspection in Oak Island Beach? Get a fast, professional roof inspection to assess storm damage and ensure structural integrity. Free estimate available.","Roof Inspection in Oak Island, NC","<p>Roof Inspection in Oak Island requires more than standard expertise. Linta Roofing's local team understands the specific challenges Oak Island homes face — from coastal weather to neighborhood-specific architecture — and delivers a free 21-point inspection report within 60 to 90 minutes. From the first inspection to the final cleanup, every project is built to last.</p>","<h3>How long does roof inspection take in Oak Island?</h3><p>Linta Roofing typically delivers a free 21-point inspection report within 60 to 90 minutes. We'll confirm exact timing during your free inspection.</p><h3>Are you licensed in North Carolina?</h3><p>Yes. Linta Roofing is fully licensed and insured to operate in North Carolina.</p><h3>Do you handle insurance claims in Oak Island?</h3><p>Yes — we work directly with insurance carriers and adjusters to document and restore covered damage.</p>","<iframe src=""https://maps.google.com/maps?q=Oak+Island%2C+NC&z=12&output=embed"" width=""100%"" height=""450"" style=""border:0;"" allowfullscreen="""" loading=""lazy"" referrerpolicy=""no-referrer-when-downgrade"" title=""Map of Oak Island, NC""></iframe>","Roof Inspection","Oak Island"
"212391109522","roof-inspection-in-caswell-beach","2026-05-06 19:22:35","Roof Inspection in Caswell Beach","0","2026-05-08 16:20:34","Roof Inspection in Caswell Beach","Roof Replacement in Carolina Forest | Linta Roofing","Need a roof inspection in Caswell Beach? Get a fast, professional assessment of your roof's condition with expert documentation and insurance claim support. Free estimate available.","Roof Inspection in Caswell Beach, NC","<p>Roof Inspection in Caswell Beach requires more than standard expertise. Linta Roofing's local team understands the specific challenges Caswell Beach homes face — from coastal weather to neighborhood-specific architecture — and delivers a free 21-point inspection report within 60 to 90 minutes. From the first inspection to the final cleanup, every project is built to last.</p>","<h3>How long does roof inspection take in Caswell Beach?</h3><p>Linta Roofing typically delivers a free 21-point inspection report within 60 to 90 minutes. We'll confirm exact timing during your free inspection.</p><h3>Are you licensed in North Carolina?</h3><p>Yes. Linta Roofing is fully licensed and insured to operate in North Carolina.</p><h3>Do you handle insurance claims in Caswell Beach?</h3><p>Yes — we work directly with insurance carriers and adjusters to document and restore covered damage.</p>","<iframe src=""https://maps.google.com/maps?q=Caswell+Beach%2C+NC&z=12&output=embed"" width=""100%"" height=""450"" style=""border:0;"" allowfullscreen="""" loading=""lazy"" referrerpolicy=""no-referrer-when-downgrade"" title=""Map of Caswell Beach, NC""></iframe>","Roof Inspection","Caswell Beach"
"212391109523","roof-inspection-in-long-beach","2026-05-06 19:22:35","Roof Inspection in Long Beach","0","2026-05-08 19:38:44","Roof Inspection in Long Beach","Roof Replacement in Carolina Forest | Linta Roofing","Need a roof inspection in Long Beach? Get a fast, professional assessment of your roof's condition with detailed documentation and expert guidance. Free estimate available.","Roof Inspections in Long Beach, NC","<p>Roof Inspection in Long Beach requires more than standard expertise. Linta Roofing's local team understands the specific challenges Long Beach homes face — from coastal weather to neighborhood-specific architecture — and delivers a free 21-point inspection report within 60 to 90 minutes. From the first inspection to the final cleanup, every project is built to last.</p>","<h3>How long does roof inspection take in Long Beach?</h3><p>Linta Roofing typically delivers a free 21-point inspection report within 60 to 90 minutes. We'll confirm exact timing during your free inspection.</p><h3>Are you licensed in North Carolina?</h3><p>Yes. Linta Roofing is fully licensed and insured to operate in North Carolina.</p><h3>Do you handle insurance claims in Long Beach?</h3><p>Yes — we work directly with insurance carriers and adjusters to document and restore covered damage.</p>","<iframe src=""https://maps.google.com/maps?q=Long+Beach%2C+NC&z=12&output=embed"" width=""100%"" height=""450"" style=""border:0;"" allowfullscreen="""" loading=""lazy"" referrerpolicy=""no-referrer-when-downgrade"" title=""Map of Long Beach, NC""></iframe>","Roof Inspection","Long Beach"
"212391109524","roof-inspection-in-brunswick-county","2026-05-06 19:22:35","Roof Inspection in Brunswick County","0","2026-05-08 16:20:34","Roof Inspection in Brunswick County","Roof Replacement in Carolina Forest | Linta Roofing","Need a roof inspection in Brunswick County? Get a professional evaluation of your roof's integrity with expert storm damage assessment and insurance claim support. Free inspections available.","Roof Inspection in Brunswick County, NC","<p>Roof Inspection across Brunswick County demands more than a one-size-fits-all approach. Linta Roofing's local team understands the range of homes and weather conditions across the county — from inland properties to oceanfront communities — and delivers a free 21-point inspection report within 60 to 90 minutes. From the first inspection to the final cleanup, every project is built to last.</p>","<h3>How long does roof inspection take in Brunswick County?</h3><p>Linta Roofing typically delivers a free 21-point inspection report within 60 to 90 minutes. We'll confirm exact timing during your free inspection.</p><h3>Are you licensed in North Carolina?</h3><p>Yes. Linta Roofing is fully licensed and insured to operate in North Carolina.</p><h3>Do you handle insurance claims in Brunswick County?</h3><p>Yes — we work directly with insurance carriers and adjusters to document and restore covered damage.</p>","<iframe src=""https://maps.google.com/maps?q=Brunswick+County%2C+NC&z=10&output=embed"" width=""100%"" height=""450"" style=""border:0;"" allowfullscreen="""" loading=""lazy"" referrerpolicy=""no-referrer-when-downgrade"" title=""Map of Brunswick County, NC""></iframe>","Roof Inspection","Brunswick County"
"212391109525","roof-inspection-in-columbus-county","2026-05-06 19:22:35","Roof Inspection in Columbus County","0","2026-05-08 16:20:34","Roof Inspection in Columbus County","Roof Replacement in Carolina Forest | Linta Roofing","Need a roof inspection in Columbus County? Get fast, professional roof assessments with thorough documentation & insurance claim support. Free estimate available.","Roof Inspection in Columbus County, NC","<p>Roof Inspection across Columbus County demands more than a one-size-fits-all approach. Linta Roofing's local team understands the range of homes and weather conditions across the county — from inland properties to oceanfront communities — and delivers a free 21-point inspection report within 60 to 90 minutes. From the first inspection to the final cleanup, every project is built to last.</p>","<h3>How long does roof inspection take in Columbus County?</h3><p>Linta Roofing typically delivers a free 21-point inspection report within 60 to 90 minutes. We'll confirm exact timing during your free inspection.</p><h3>Are you licensed in North Carolina?</h3><p>Yes. Linta Roofing is fully licensed and insured to operate in North Carolina.</p><h3>Do you handle insurance claims in Columbus County?</h3><p>Yes — we work directly with insurance carriers and adjusters to document and restore covered damage.</p>","<iframe src=""https://maps.google.com/maps?q=Columbus+County%2C+NC&z=10&output=embed"" width=""100%"" height=""450"" style=""border:0;"" allowfullscreen="""" loading=""lazy"" referrerpolicy=""no-referrer-when-downgrade"" title=""Map of Columbus County, NC""></iframe>","Roof Inspection","Columbus County"
"212391109526","roof-inspection-in-georgetown-county","2026-05-06 19:22:35","Roof Inspection in Georgetown County","0","2026-05-08 16:20:34","Roof Inspection in Georgetown County","Roof Replacement in Carolina Forest | Linta Roofing","Need a roof inspection in Georgetown County? Get a professional assessment of your roof's condition with detailed reporting on storm damage and wear. Free estimate available.","Roof Inspection in Georgetown County, SC","<p>Roof Inspection across Georgetown County demands more than a one-size-fits-all approach. Linta Roofing's local team understands the range of homes and weather conditions across the county — from inland properties to oceanfront communities — and delivers a free 21-point inspection report within 60 to 90 minutes. From the first inspection to the final cleanup, every project is built to last.</p>","<h3>How long does roof inspection take in Georgetown County?</h3><p>Linta Roofing typically delivers a free 21-point inspection report within 60 to 90 minutes. We'll confirm exact timing during your free inspection.</p><h3>Are you licensed in South Carolina?</h3><p>Yes. Linta Roofing is fully licensed and insured to operate in South Carolina.</p><h3>Do you handle insurance claims in Georgetown County?</h3><p>Yes — we work directly with insurance carriers and adjusters to document and restore covered damage.</p>","<iframe src=""https://maps.google.com/maps?q=Georgetown+County%2C+SC&z=10&output=embed"" width=""100%"" height=""450"" style=""border:0;"" allowfullscreen="""" loading=""lazy"" referrerpolicy=""no-referrer-when-downgrade"" title=""Map of Georgetown County, SC""></iframe>","Roof Inspection","Georgetown County"
"212391109527","roof-inspection-in-georgetown","2026-05-06 19:22:35","Roof Inspection in Georgetown","0","2026-05-08 16:20:34","Roof Inspection in Georgetown","Roof Replacement in Carolina Forest | Linta Roofing","Need a professional roof inspection in Georgetown? Get a thorough, expert assessment of your roof's condition with detailed documentation for maintenance or insurance claims. Free estimates available.","Roof Inspection in Georgetown, SC","<p>Roof Inspection in Georgetown requires more than standard expertise. Linta Roofing's local team understands the specific challenges Georgetown homes face — from coastal weather to neighborhood-specific architecture — and delivers a free 21-point inspection report within 60 to 90 minutes. From the first inspection to the final cleanup, every project is built to last.</p>","<h3>How long does roof inspection take in Georgetown?</h3><p>Linta Roofing typically delivers a free 21-point inspection report within 60 to 90 minutes. We'll confirm exact timing during your free inspection.</p><h3>Are you licensed in South Carolina?</h3><p>Yes. Linta Roofing is fully licensed and insured to operate in South Carolina.</p><h3>Do you handle insurance claims in Georgetown?</h3><p>Yes — we work directly with insurance carriers and adjusters to document and restore covered damage.</p>","<iframe src=""https://maps.google.com/maps?q=Georgetown%2C+SC&z=12&output=embed"" width=""100%"" height=""450"" style=""border:0;"" allowfullscreen="""" loading=""lazy"" referrerpolicy=""no-referrer-when-downgrade"" title=""Map of Georgetown, SC""></iframe>","Roof Inspection","Georgetown"
"212391109528","roof-inspection-in-marion-county","2026-05-06 19:22:35","Roof Inspection in Marion County","0","2026-05-08 16:20:34","Roof Inspection in Marion County","Roof Replacement in Carolina Forest | Linta Roofing","Is your roof aging or storm-damaged? Linta Roofing offers professional roof inspection services in Marion County to identify hidden issues and evaluate your home's structural integrity.","Roof Inspection in Marion County, SC","<p>Roof Inspection across Marion County demands more than a one-size-fits-all approach. Linta Roofing's local team understands the range of homes and weather conditions across the county — from inland properties to oceanfront communities — and delivers a free 21-point inspection report within 60 to 90 minutes. From the first inspection to the final cleanup, every project is built to last.</p>","<h3>How long does roof inspection take in Marion County?</h3><p>Linta Roofing typically delivers a free 21-point inspection report within 60 to 90 minutes. We'll confirm exact timing during your free inspection.</p><h3>Are you licensed in South Carolina?</h3><p>Yes. Linta Roofing is fully licensed and insured to operate in South Carolina.</p><h3>Do you handle insurance claims in Marion County?</h3><p>Yes — we work directly with insurance carriers and adjusters to document and restore covered damage.</p>","<iframe src=""https://maps.google.com/maps?q=Marion+County%2C+SC&z=10&output=embed"" width=""100%"" height=""450"" style=""border:0;"" allowfullscreen="""" loading=""lazy"" referrerpolicy=""no-referrer-when-downgrade"" title=""Map of Marion County, SC""></iframe>","Roof Inspection","Marion County"
"212391109529","storm-damage-in-myrtle-beach","2026-05-06 19:22:35","Storm Damage in Myrtle Beach","0","2026-05-08 18:42:42","Storm Damage in Myrtle Beach","Storm Damage repair in Myrtle Beach","Dealing with storm damage in Myrtle Beach? Get fast, professional storm damage repair with durable materials & insurance claim support. Free estimate available.","Storm Damage Repair in Myrtle Beach, SC","<p>Storm Damage Restoration in Myrtle Beach requires more than standard expertise. Linta Roofing's local team understands the specific challenges Myrtle Beach homes face — from coastal weather to neighborhood-specific architecture — and completes a full damage assessment and emergency tarping within 48 hours. From the first inspection to the final cleanup, every project is built to last.</p>","<h3>How long does storm damage restoration take in Myrtle Beach?</h3><p>Linta Roofing typically completes a full damage assessment and emergency tarping within 48 hours. We'll confirm exact timing during your free inspection.</p><h3>Are you licensed in South Carolina?</h3><p>Yes. Linta Roofing is fully licensed and insured to operate in South Carolina.</p><h3>Do you handle insurance claims in Myrtle Beach?</h3><p>Yes — we work directly with insurance carriers and adjusters to document and restore covered damage.</p>","<iframe src=""https://maps.google.com/maps?q=Myrtle+Beach%2C+SC&z=12&output=embed"" width=""100%"" height=""450"" style=""border:0;"" allowfullscreen="""" loading=""lazy"" referrerpolicy=""no-referrer-when-downgrade"" title=""Map of Myrtle Beach, SC""></iframe>","Storm Damage","Myrtle Beach"
"212391109530","storm-damage-in-surfside-beach","2026-05-06 19:22:35","Storm Damage in Surfside Beach","0","2026-05-08 18:42:51","Storm Damage in Surfside Beach","Roof Replacement in Carolina Forest | Linta Roofing","Dealing with storm damage in Surfside Beach? Linta Roofing provides fast, professional roof restoration and insurance claim support to secure your home. Free estimates available.","Storm Damage Repair in Surfside Beach, SC","<p>Storm Damage Restoration in Surfside Beach requires more than standard expertise. Linta Roofing's local team understands the specific challenges Surfside Beach homes face — from coastal weather to neighborhood-specific architecture — and completes a full damage assessment and emergency tarping within 48 hours. From the first inspection to the final cleanup, every project is built to last.</p>","<h3>How long does storm damage restoration take in Surfside Beach?</h3><p>Linta Roofing typically completes a full damage assessment and emergency tarping within 48 hours. We'll confirm exact timing during your free inspection.</p><h3>Are you licensed in South Carolina?</h3><p>Yes. Linta Roofing is fully licensed and insured to operate in South Carolina.</p><h3>Do you handle insurance claims in Surfside Beach?</h3><p>Yes — we work directly with insurance carriers and adjusters to document and restore covered damage.</p>","<iframe src=""https://maps.google.com/maps?q=Surfside+Beach%2C+SC&z=12&output=embed"" width=""100%"" height=""450"" style=""border:0;"" allowfullscreen="""" loading=""lazy"" referrerpolicy=""no-referrer-when-downgrade"" title=""Map of Surfside Beach, SC""></iframe>","Storm Damage","Surfside Beach"
"212391109531","storm-damage-in-murrells-inlet","2026-05-06 19:22:35","Storm Damage in Murrells Inlet","0","2026-05-08 18:42:56","Storm Damage in Murrells Inlet","Roof Replacement in Carolina Forest | Linta Roofing","Need storm damage repairs in Murrells Inlet? Get fast, professional restoration with durable materials & insurance claim support. Free estimate available.","Storm Damage Repair in Murrells Inlet, SC","<p>Storm Damage Restoration in Murrells Inlet requires more than standard expertise. Linta Roofing's local team understands the specific challenges Murrells Inlet homes face — from coastal weather to neighborhood-specific architecture — and completes a full damage assessment and emergency tarping within 48 hours. From the first inspection to the final cleanup, every project is built to last.</p>","<h3>How long does storm damage restoration take in Murrells Inlet?</h3><p>Linta Roofing typically completes a full damage assessment and emergency tarping within 48 hours. We'll confirm exact timing during your free inspection.</p><h3>Are you licensed in South Carolina?</h3><p>Yes. Linta Roofing is fully licensed and insured to operate in South Carolina.</p><h3>Do you handle insurance claims in Murrells Inlet?</h3><p>Yes — we work directly with insurance carriers and adjusters to document and restore covered damage.</p>","<iframe src=""https://maps.google.com/maps?q=Murrells+Inlet%2C+SC&z=12&output=embed"" width=""100%"" height=""450"" style=""border:0;"" allowfullscreen="""" loading=""lazy"" referrerpolicy=""no-referrer-when-downgrade"" title=""Map of Murrells Inlet, SC""></iframe>","Storm Damage","Murrells Inlet"
"212391109532","storm-damage-in-carolina-forest","2026-05-06 19:22:35","Storm Damage in Carolina Forest","0","2026-05-08 18:42:59","Storm Damage in Carolina Forest","Roof Replacement in Carolina Forest | Linta Roofing","Need storm damage repair in Carolina Forest? Get fast, professional restoration with durable materials & insurance claim support. Free estimate available.","Storm Damage Repair in Carolina Forest, SC","<p>Storm Damage Restoration in Carolina Forest requires more than standard expertise. Linta Roofing's local team understands the specific challenges Carolina Forest homes face — from coastal weather to neighborhood-specific architecture — and completes a full damage assessment and emergency tarping within 48 hours. From the first inspection to the final cleanup, every project is built to last.</p>","<h3>How long does storm damage restoration take in Carolina Forest?</h3><p>Linta Roofing typically completes a full damage assessment and emergency tarping within 48 hours. We'll confirm exact timing during your free inspection.</p><h3>Are you licensed in South Carolina?</h3><p>Yes. Linta Roofing is fully licensed and insured to operate in South Carolina.</p><h3>Do you handle insurance claims in Carolina Forest?</h3><p>Yes — we work directly with insurance carriers and adjusters to document and restore covered damage.</p>","<iframe src=""https://maps.google.com/maps?q=Carolina+Forest%2C+SC&z=12&output=embed"" width=""100%"" height=""450"" style=""border:0;"" allowfullscreen="""" loading=""lazy"" referrerpolicy=""no-referrer-when-downgrade"" title=""Map of Carolina Forest, SC""></iframe>","Storm Damage","Carolina Forest"
"212391109533","storm-damage-in-conway","2026-05-06 19:22:35","Storm Damage in Conway","0","2026-05-08 18:43:10","Storm Damage in Conway","Roof Replacement in Carolina Forest | Linta Roofing","Need professional storm damage repair in Conway? Get fast, expert roof restoration with durable materials and insurance claim support. Free estimate available.","Storm Damage Repair in Conway, SC","<p>Storm Damage Restoration in Conway requires more than standard expertise. Linta Roofing's local team understands the specific challenges Conway homes face — from coastal weather to neighborhood-specific architecture — and completes a full damage assessment and emergency tarping within 48 hours. From the first inspection to the final cleanup, every project is built to last.</p>","<h3>How long does storm damage restoration take in Conway?</h3><p>Linta Roofing typically completes a full damage assessment and emergency tarping within 48 hours. We'll confirm exact timing during your free inspection.</p><h3>Are you licensed in South Carolina?</h3><p>Yes. Linta Roofing is fully licensed and insured to operate in South Carolina.</p><h3>Do you handle insurance claims in Conway?</h3><p>Yes — we work directly with insurance carriers and adjusters to document and restore covered damage.</p>","<iframe src=""https://maps.google.com/maps?q=Conway%2C+SC&z=12&output=embed"" width=""100%"" height=""450"" style=""border:0;"" allowfullscreen="""" loading=""lazy"" referrerpolicy=""no-referrer-when-downgrade"" title=""Map of Conway, SC""></iframe>","Storm Damage","Conway"
"212391109534","storm-damage-in-north-myrtle-beach","2026-05-06 19:22:35","Storm Damage in North Myrtle Beach","0","2026-05-08 18:43:15","Storm Damage in North Myrtle Beach","Roof Replacement in Carolina Forest | Linta Roofing","Storm damage in North Myrtle Beach? Get fast, professional storm damage repair with durable materials & insurance claim support. Free estimate available.","Storm Damage Repair in North Myrtle Beach, SC","<p>Storm Damage Restoration in North Myrtle Beach requires more than standard expertise. Linta Roofing's local team understands the specific challenges North Myrtle Beach homes face — from coastal weather to neighborhood-specific architecture — and completes a full damage assessment and emergency tarping within 48 hours. From the first inspection to the final cleanup, every project is built to last.</p>","<h3>How long does storm damage restoration take in North Myrtle Beach?</h3><p>Linta Roofing typically completes a full damage assessment and emergency tarping within 48 hours. We'll confirm exact timing during your free inspection.</p><h3>Are you licensed in South Carolina?</h3><p>Yes. Linta Roofing is fully licensed and insured to operate in South Carolina.</p><h3>Do you handle insurance claims in North Myrtle Beach?</h3><p>Yes — we work directly with insurance carriers and adjusters to document and restore covered damage.</p>","<iframe src=""https://maps.google.com/maps?q=North+Myrtle+Beach%2C+SC&z=12&output=embed"" width=""100%"" height=""450"" style=""border:0;"" allowfullscreen="""" loading=""lazy"" referrerpolicy=""no-referrer-when-downgrade"" title=""Map of North Myrtle Beach, SC""></iframe>","Storm Damage","North Myrtle Beach"
"212391109535","storm-damage-in-little-river","2026-05-06 19:22:35","Storm Damage in Little River","0","2026-05-08 18:43:19","Storm Damage in Little River","Roof Replacement in Carolina Forest | Linta Roofing","Need storm damage repair in Little River? Get fast, professional storm damage restoration with durable materials & insurance claim support. Free estimate available.","Storm Damage Repair in Little River, SC","<p>Storm Damage Restoration in Little River requires more than standard expertise. Linta Roofing's local team understands the specific challenges Little River homes face — from coastal weather to neighborhood-specific architecture — and completes a full damage assessment and emergency tarping within 48 hours. From the first inspection to the final cleanup, every project is built to last.</p>","<h3>How long does storm damage restoration take in Little River?</h3><p>Linta Roofing typically completes a full damage assessment and emergency tarping within 48 hours. We'll confirm exact timing during your free inspection.</p><h3>Are you licensed in South Carolina?</h3><p>Yes. Linta Roofing is fully licensed and insured to operate in South Carolina.</p><h3>Do you handle insurance claims in Little River?</h3><p>Yes — we work directly with insurance carriers and adjusters to document and restore covered damage.</p>","<iframe src=""https://maps.google.com/maps?q=Little+River%2C+SC&z=12&output=embed"" width=""100%"" height=""450"" style=""border:0;"" allowfullscreen="""" loading=""lazy"" referrerpolicy=""no-referrer-when-downgrade"" title=""Map of Little River, SC""></iframe>","Storm Damage","Little River"
"212391109536","storm-damage-in-ocean-isle-beach","2026-05-06 19:22:35","Storm Damage in Ocean Isle Beach","0","2026-05-08 18:43:31","Storm Damage in Ocean Isle Beach","Roof Replacement in Carolina Forest | Linta Roofing","Need storm damage roof repair in Ocean Isle Beach? Get fast, professional restoration with durable materials & insurance claim support. Free estimate available.","Storm Damage Repair in Ocean Isle Beach, NC","<p>Storm Damage Restoration in Ocean Isle Beach requires more than standard expertise. Linta Roofing's local team understands the specific challenges Ocean Isle Beach homes face — from coastal weather to neighborhood-specific architecture — and completes a full damage assessment and emergency tarping within 48 hours. From the first inspection to the final cleanup, every project is built to last.</p>","<h3>How long does storm damage restoration take in Ocean Isle Beach?</h3><p>Linta Roofing typically completes a full damage assessment and emergency tarping within 48 hours. We'll confirm exact timing during your free inspection.</p><h3>Are you licensed in North Carolina?</h3><p>Yes. Linta Roofing is fully licensed and insured to operate in North Carolina.</p><h3>Do you handle insurance claims in Ocean Isle Beach?</h3><p>Yes — we work directly with insurance carriers and adjusters to document and restore covered damage.</p>","<iframe src=""https://maps.google.com/maps?q=Ocean+Isle+Beach%2C+NC&z=12&output=embed"" width=""100%"" height=""450"" style=""border:0;"" allowfullscreen="""" loading=""lazy"" referrerpolicy=""no-referrer-when-downgrade"" title=""Map of Ocean Isle Beach, NC""></iframe>","Storm Damage","Ocean Isle Beach"
"212391109537","storm-damage-in-holden-beach","2026-05-06 19:22:35","Storm Damage in Holden Beach","0","2026-05-08 18:43:35","Storm Damage in Holden Beach","Roof Replacement in Carolina Forest | Linta Roofing","Need help with storm damage in Holden Beach? Get fast, professional roof repair with durable materials & insurance claim support. Free estimate available.","Storm Damage Repair in Holden Beach, NC","<p>Storm Damage Restoration in Holden Beach requires more than standard expertise. Linta Roofing's local team understands the specific challenges Holden Beach homes face — from coastal weather to neighborhood-specific architecture — and completes a full damage assessment and emergency tarping within 48 hours. From the first inspection to the final cleanup, every project is built to last.</p>","<h3>How long does storm damage restoration take in Holden Beach?</h3><p>Linta Roofing typically completes a full damage assessment and emergency tarping within 48 hours. We'll confirm exact timing during your free inspection.</p><h3>Are you licensed in North Carolina?</h3><p>Yes. Linta Roofing is fully licensed and insured to operate in North Carolina.</p><h3>Do you handle insurance claims in Holden Beach?</h3><p>Yes — we work directly with insurance carriers and adjusters to document and restore covered damage.</p>","<iframe src=""https://maps.google.com/maps?q=Holden+Beach%2C+NC&z=12&output=embed"" width=""100%"" height=""450"" style=""border:0;"" allowfullscreen="""" loading=""lazy"" referrerpolicy=""no-referrer-when-downgrade"" title=""Map of Holden Beach, NC""></iframe>","Storm Damage","Holden Beach"
"212391109538","storm-damage-in-sunset-beach","2026-05-06 19:22:35","Storm Damage in Sunset Beach","0","2026-05-08 18:43:41","Storm Damage in Sunset Beach","Roof Replacement in Carolina Forest | Linta Roofing","Need storm damage repair in Sunset Beach? Get fast, professional restoration with durable materials & insurance claim support. Free estimate available.","Storm Damage Repair in Sunset Beach, NC","<p>Storm Damage Restoration in Sunset Beach requires more than standard expertise. Linta Roofing's local team understands the specific challenges Sunset Beach homes face — from coastal weather to neighborhood-specific architecture — and completes a full damage assessment and emergency tarping within 48 hours. From the first inspection to the final cleanup, every project is built to last.</p>","<h3>How long does storm damage restoration take in Sunset Beach?</h3><p>Linta Roofing typically completes a full damage assessment and emergency tarping within 48 hours. We'll confirm exact timing during your free inspection.</p><h3>Are you licensed in North Carolina?</h3><p>Yes. Linta Roofing is fully licensed and insured to operate in North Carolina.</p><h3>Do you handle insurance claims in Sunset Beach?</h3><p>Yes — we work directly with insurance carriers and adjusters to document and restore covered damage.</p>","<iframe src=""https://maps.google.com/maps?q=Sunset+Beach%2C+NC&z=12&output=embed"" width=""100%"" height=""450"" style=""border:0;"" allowfullscreen="""" loading=""lazy"" referrerpolicy=""no-referrer-when-downgrade"" title=""Map of Sunset Beach, NC""></iframe>","Storm Damage","Sunset Beach"
"212391109539","storm-damage-in-oak-island","2026-05-06 19:22:35","Storm Damage in Oak Island","0","2026-05-08 19:51:49","Storm Damage in Oak Island","Roof Replacement in Carolina Forest | Linta Roofing","Need storm damage repairs in Oak Island Beach? Get fast, professional restoration with durable materials & insurance claim support. Free estimate available.","Storm Damage Repair in Oak Island, NC","<p>Storm Damage Restoration in Oak Island requires more than standard expertise. Linta Roofing's local team understands the specific challenges Oak Island homes face — from coastal weather to neighborhood-specific architecture — and completes a full damage assessment and emergency tarping within 48 hours. From the first inspection to the final cleanup, every project is built to last.</p>","<h3>How long does storm damage restoration take in Oak Island?</h3><p>Linta Roofing typically completes a full damage assessment and emergency tarping within 48 hours. We'll confirm exact timing during your free inspection.</p><h3>Are you licensed in North Carolina?</h3><p>Yes. Linta Roofing is fully licensed and insured to operate in North Carolina.</p><h3>Do you handle insurance claims in Oak Island?</h3><p>Yes — we work directly with insurance carriers and adjusters to document and restore covered damage.</p>","<iframe src=""https://maps.google.com/maps?q=Oak+Island%2C+NC&z=12&output=embed"" width=""100%"" height=""450"" style=""border:0;"" allowfullscreen="""" loading=""lazy"" referrerpolicy=""no-referrer-when-downgrade"" title=""Map of Oak Island, NC""></iframe>","Storm Damage","Oak Island"
"212391109540","storm-damage-in-caswell-beach","2026-05-06 19:22:35","Storm Damage in Caswell Beach","0","2026-05-08 18:43:51","Storm Damage in Caswell Beach","Roof Replacement in Carolina Forest | Linta Roofing","Need storm damage repairs in Caswell Beach? Get fast, professional storm damage restoration with durable materials & insurance claim support. Free estimate available.","Storm Damage Repair in Caswell Beach, NC","<p>Storm Damage Restoration in Caswell Beach requires more than standard expertise. Linta Roofing's local team understands the specific challenges Caswell Beach homes face — from coastal weather to neighborhood-specific architecture — and completes a full damage assessment and emergency tarping within 48 hours. From the first inspection to the final cleanup, every project is built to last.</p>","<h3>How long does storm damage restoration take in Caswell Beach?</h3><p>Linta Roofing typically completes a full damage assessment and emergency tarping within 48 hours. We'll confirm exact timing during your free inspection.</p><h3>Are you licensed in North Carolina?</h3><p>Yes. Linta Roofing is fully licensed and insured to operate in North Carolina.</p><h3>Do you handle insurance claims in Caswell Beach?</h3><p>Yes — we work directly with insurance carriers and adjusters to document and restore covered damage.</p>","<iframe src=""https://maps.google.com/maps?q=Caswell+Beach%2C+NC&z=12&output=embed"" width=""100%"" height=""450"" style=""border:0;"" allowfullscreen="""" loading=""lazy"" referrerpolicy=""no-referrer-when-downgrade"" title=""Map of Caswell Beach, NC""></iframe>","Storm Damage","Caswell Beach"
"212391109541","storm-damage-in-long-beach","2026-05-06 19:22:35","Storm Damage in Long Beach","0","2026-05-08 19:39:21","Storm Damage in Long Beach","Roof Replacement in Carolina Forest | Linta Roofing","Need storm damage repair in Long Beach? Get fast, professional storm damage restoration with durable materials & insurance claim support. Free estimate available.","Storm Damage Repair in Long Beach, NC","<p>Storm Damage Restoration in Long Beach requires more than standard expertise. Linta Roofing's local team understands the specific challenges Long Beach homes face — from coastal weather to neighborhood-specific architecture — and completes a full damage assessment and emergency tarping within 48 hours. From the first inspection to the final cleanup, every project is built to last.</p>","<h3>How long does storm damage restoration take in Long Beach?</h3><p>Linta Roofing typically completes a full damage assessment and emergency tarping within 48 hours. We'll confirm exact timing during your free inspection.</p><h3>Are you licensed in North Carolina?</h3><p>Yes. Linta Roofing is fully licensed and insured to operate in North Carolina.</p><h3>Do you handle insurance claims in Long Beach?</h3><p>Yes — we work directly with insurance carriers and adjusters to document and restore covered damage.</p>","<iframe src=""https://maps.google.com/maps?q=Long+Beach%2C+NC&z=12&output=embed"" width=""100%"" height=""450"" style=""border:0;"" allowfullscreen="""" loading=""lazy"" referrerpolicy=""no-referrer-when-downgrade"" title=""Map of Long Beach, NC""></iframe>","Storm Damage","Long Beach"
"212391109542","storm-damage-in-brunswick-county","2026-05-06 19:22:35","Storm Damage in Brunswick County","0","2026-05-08 18:44:00","Storm Damage in Brunswick County","Roof Replacement in Carolina Forest | Linta Roofing","Need storm damage in Brunswick County? Get fast, professional storm damage repair with durable materials & insurance claim support. Free estimate available.","Storm Damage Repair in Brunswick County, NC","<p>Storm Damage Restoration across Brunswick County demands more than a one-size-fits-all approach. Linta Roofing's local team understands the range of homes and weather conditions across the county — from inland properties to oceanfront communities — and completes a full damage assessment and emergency tarping within 48 hours. From the first inspection to the final cleanup, every project is built to last.</p>","<h3>How long does storm damage restoration take in Brunswick County?</h3><p>Linta Roofing typically completes a full damage assessment and emergency tarping within 48 hours. We'll confirm exact timing during your free inspection.</p><h3>Are you licensed in North Carolina?</h3><p>Yes. Linta Roofing is fully licensed and insured to operate in North Carolina.</p><h3>Do you handle insurance claims in Brunswick County?</h3><p>Yes — we work directly with insurance carriers and adjusters to document and restore covered damage.</p>","<iframe src=""https://maps.google.com/maps?q=Brunswick+County%2C+NC&z=10&output=embed"" width=""100%"" height=""450"" style=""border:0;"" allowfullscreen="""" loading=""lazy"" referrerpolicy=""no-referrer-when-downgrade"" title=""Map of Brunswick County, NC""></iframe>","Storm Damage","Brunswick County"
"212391109543","storm-damage-in-columbus-county","2026-05-06 19:22:35","Storm Damage in Columbus County","0","2026-05-08 18:44:05","Storm Damage in Columbus County","Roof Replacement in Carolina Forest | Linta Roofing","Need professional storm damage repair in Columbus County? Get fast, expert restoration with thorough damage documentation and insurance claim support. Free inspection available.","Storm Damage Repair in Columbus County, NC","<p>Storm Damage Restoration across Columbus County demands more than a one-size-fits-all approach. Linta Roofing's local team understands the range of homes and weather conditions across the county — from inland properties to oceanfront communities — and completes a full damage assessment and emergency tarping within 48 hours. From the first inspection to the final cleanup, every project is built to last.</p>","<h3>How long does storm damage restoration take in Columbus County?</h3><p>Linta Roofing typically completes a full damage assessment and emergency tarping within 48 hours. We'll confirm exact timing during your free inspection.</p><h3>Are you licensed in North Carolina?</h3><p>Yes. Linta Roofing is fully licensed and insured to operate in North Carolina.</p><h3>Do you handle insurance claims in Columbus County?</h3><p>Yes — we work directly with insurance carriers and adjusters to document and restore covered damage.</p>","<iframe src=""https://maps.google.com/maps?q=Columbus+County%2C+NC&z=10&output=embed"" width=""100%"" height=""450"" style=""border:0;"" allowfullscreen="""" loading=""lazy"" referrerpolicy=""no-referrer-when-downgrade"" title=""Map of Columbus County, NC""></iframe>","Storm Damage","Columbus County"
"212391109544","storm-damage-in-georgetown-county","2026-05-06 19:22:35","Storm Damage in Georgetown County","0","2026-05-08 19:52:04","Storm Damage in Georgetown County","Roof Replacement in Carolina Forest | Linta Roofing","Need storm damage repair in Georgetown County? Get fast, professional restoration with durable materials & insurance claim support. Free estimate available.","Storm Damage Repair in Georgetown County, SC","<p>Storm Damage Restoration across Georgetown County demands more than a one-size-fits-all approach. Linta Roofing's local team understands the range of homes and weather conditions across the county — from inland properties to oceanfront communities — and completes a full damage assessment and emergency tarping within 48 hours. From the first inspection to the final cleanup, every project is built to last.</p>","<h3>How long does storm damage restoration take in Georgetown County?</h3><p>Linta Roofing typically completes a full damage assessment and emergency tarping within 48 hours. We'll confirm exact timing during your free inspection.</p><h3>Are you licensed in South Carolina?</h3><p>Yes. Linta Roofing is fully licensed and insured to operate in South Carolina.</p><h3>Do you handle insurance claims in Georgetown County?</h3><p>Yes — we work directly with insurance carriers and adjusters to document and restore covered damage.</p>","<iframe src=""https://maps.google.com/maps?q=Georgetown+County%2C+SC&z=10&output=embed"" width=""100%"" height=""450"" style=""border:0;"" allowfullscreen="""" loading=""lazy"" referrerpolicy=""no-referrer-when-downgrade"" title=""Map of Georgetown County, SC""></iframe>","Storm Damage","Georgetown County"
"212391109545","storm-damage-in-georgetown","2026-05-06 19:22:35","Storm Damage in Georgetown","0","2026-05-08 18:44:14","Storm Damage in Georgetown","Roof Replacement in Carolina Forest | Linta Roofing","Need storm damage repair in Georgetown? Get fast, professional restoration with durable materials & insurance claim support. Free estimate available.","Storm Damage Repair in Georgetown, SC","<p>Storm Damage Restoration in Georgetown requires more than standard expertise. Linta Roofing's local team understands the specific challenges Georgetown homes face — from coastal weather to neighborhood-specific architecture — and completes a full damage assessment and emergency tarping within 48 hours. From the first inspection to the final cleanup, every project is built to last.</p>","<h3>How long does storm damage restoration take in Georgetown?</h3><p>Linta Roofing typically completes a full damage assessment and emergency tarping within 48 hours. We'll confirm exact timing during your free inspection.</p><h3>Are you licensed in South Carolina?</h3><p>Yes. Linta Roofing is fully licensed and insured to operate in South Carolina.</p><h3>Do you handle insurance claims in Georgetown?</h3><p>Yes — we work directly with insurance carriers and adjusters to document and restore covered damage.</p>","<iframe src=""https://maps.google.com/maps?q=Georgetown%2C+SC&z=12&output=embed"" width=""100%"" height=""450"" style=""border:0;"" allowfullscreen="""" loading=""lazy"" referrerpolicy=""no-referrer-when-downgrade"" title=""Map of Georgetown, SC""></iframe>","Storm Damage","Georgetown"
"212391109546","storm-damage-in-marion-county","2026-05-06 19:22:35","Storm Damage in Marion County","0","2026-05-08 18:44:20","Storm Damage in Marion County","Roof Replacement in Carolina Forest | Linta Roofing","Need storm damage restoration in Marion County? Get fast, professional repair with 24/7 emergency response & insurance claim support. Free inspections available.","Storm Damage Repair in Marion County, SC","<p>Storm Damage Restoration across Marion County demands more than a one-size-fits-all approach. Linta Roofing's local team understands the range of homes and weather conditions across the county — from inland properties to oceanfront communities — and completes a full damage assessment and emergency tarping within 48 hours. From the first inspection to the final cleanup, every project is built to last.</p>","<h3>How long does storm damage restoration take in Marion County?</h3><p>Linta Roofing typically completes a full damage assessment and emergency tarping within 48 hours. We'll confirm exact timing during your free inspection.</p><h3>Are you licensed in South Carolina?</h3><p>Yes. Linta Roofing is fully licensed and insured to operate in South Carolina.</p><h3>Do you handle insurance claims in Marion County?</h3><p>Yes — we work directly with insurance carriers and adjusters to document and restore covered damage.</p>","<iframe src=""https://maps.google.com/maps?q=Marion+County%2C+SC&z=10&output=embed"" width=""100%"" height=""450"" style=""border:0;"" allowfullscreen="""" loading=""lazy"" referrerpolicy=""no-referrer-when-downgrade"" title=""Map of Marion County, SC""></iframe>","Storm Damage","Marion County"
"212391109547","metal-roofing-in-myrtle-beach","2026-05-06 19:22:35","Metal Roofing in Myrtle Beach","0","2026-05-08 16:20:34","Metal Roofing in Myrtle Beach","Roof Replacement in Carolina Forest | Linta Roofing","Need a new metal roof in Myrtle Beach? Get fast, professional metal roof installation with durable materials & hurricane-resistant protection. Free estimate available.","Metal Roofing in Myrtle Beach, SC","<p>Metal Roofing in Myrtle Beach requires more than standard expertise. Linta Roofing's local team understands the specific challenges Myrtle Beach homes face — from coastal weather to neighborhood-specific architecture — and completes most metal roof installations within three to five days. From the first inspection to the final cleanup, every project is built to last.</p>","<h3>How long does metal roofing take in Myrtle Beach?</h3><p>Linta Roofing typically completes most metal roof installations within three to five days. We'll confirm exact timing during your free inspection.</p><h3>Are you licensed in South Carolina?</h3><p>Yes. Linta Roofing is fully licensed and insured to operate in South Carolina.</p><h3>Do you handle insurance claims in Myrtle Beach?</h3><p>Yes — we work directly with insurance carriers and adjusters to document and restore covered damage.</p>","<iframe src=""https://maps.google.com/maps?q=Myrtle+Beach%2C+SC&z=12&output=embed"" width=""100%"" height=""450"" style=""border:0;"" allowfullscreen="""" loading=""lazy"" referrerpolicy=""no-referrer-when-downgrade"" title=""Map of Myrtle Beach, SC""></iframe>","Metal Roofing","Myrtle Beach"
"212391109548","metal-roofing-in-surfside-beach","2026-05-06 19:22:35","Metal Roofing in Surfside Beach","0","2026-05-08 16:20:34","Metal Roofing in Surfside Beach","Roof Replacement in Carolina Forest | Linta Roofing","Need metal roofing in Surfside Beach? Get fast, professional metal roof installation with durable materials & insurance claim support. Free estimate available.","Metal Roofing in Surfside Beach, SC","<p>Metal Roofing in Surfside Beach requires more than standard expertise. Linta Roofing's local team understands the specific challenges Surfside Beach homes face — from coastal weather to neighborhood-specific architecture — and completes most metal roof installations within three to five days. From the first inspection to the final cleanup, every project is built to last.</p>","<h3>How long does metal roofing take in Surfside Beach?</h3><p>Linta Roofing typically completes most metal roof installations within three to five days. We'll confirm exact timing during your free inspection.</p><h3>Are you licensed in South Carolina?</h3><p>Yes. Linta Roofing is fully licensed and insured to operate in South Carolina.</p><h3>Do you handle insurance claims in Surfside Beach?</h3><p>Yes — we work directly with insurance carriers and adjusters to document and restore covered damage.</p>","<iframe src=""https://maps.google.com/maps?q=Surfside+Beach%2C+SC&z=12&output=embed"" width=""100%"" height=""450"" style=""border:0;"" allowfullscreen="""" loading=""lazy"" referrerpolicy=""no-referrer-when-downgrade"" title=""Map of Surfside Beach, SC""></iframe>","Metal Roofing","Surfside Beach"
"212391109549","metal-roofing-in-murrells-inlet","2026-05-06 19:22:35","Metal Roofing in Murrells Inlet","0","2026-05-08 18:48:03","Metal Roofing in Murrells Inlet","Roof Replacement in Carolina Forest | Linta Roofing","Need a new metal roof in Murrells Inlet? Get fast, professional metal roof installation with durable materials & insurance claim support. Free estimate available.","Metal Roofing in Murrells Inlet, SC","<p>Metal Roofing in Murrells Inlet requires more than standard expertise. Linta Roofing's local team understands the specific challenges Murrells Inlet homes face — from coastal weather to neighborhood-specific architecture — and completes most metal roof installations within three to five days. From the first inspection to the final cleanup, every project is built to last.</p>","<h3>How long does metal roofing take in Murrells Inlet?</h3><p>Linta Roofing typically completes most metal roof installations within three to five days. We'll confirm exact timing during your free inspection.</p><h3>Are you licensed in South Carolina?</h3><p>Yes. Linta Roofing is fully licensed and insured to operate in South Carolina.</p><h3>Do you handle insurance claims in Murrells Inlet?</h3><p>Yes — we work directly with insurance carriers and adjusters to document and restore covered damage.</p>","<iframe src=""https://maps.google.com/maps?q=Murrells+Inlet%2C+SC&z=12&output=embed"" width=""100%"" height=""450"" style=""border:0;"" allowfullscreen="""" loading=""lazy"" referrerpolicy=""no-referrer-when-downgrade"" title=""Map of Murrells Inlet, SC""></iframe>","Metal Roofing","Murrells Inlet"
"212391109550","metal-roofing-in-carolina-forest","2026-05-06 19:22:35","Metal Roofing in Carolina Forest","0","2026-05-08 16:20:34","Metal Roofing in Carolina Forest","Roof Replacement in Carolina Forest | Linta Roofing","Looking for a durable metal roof in Carolina Forest? Get fast, professional metal roof installation with hurricane-resistant materials and insurance claim support. Free estimate available.","Metal Roofing in Carolina Forest, SC","<p>Metal Roofing in Carolina Forest requires more than standard expertise. Linta Roofing's local team understands the specific challenges Carolina Forest homes face — from coastal weather to neighborhood-specific architecture — and completes most metal roof installations within three to five days. From the first inspection to the final cleanup, every project is built to last.</p>","<h3>How long does metal roofing take in Carolina Forest?</h3><p>Linta Roofing typically completes most metal roof installations within three to five days. We'll confirm exact timing during your free inspection.</p><h3>Are you licensed in South Carolina?</h3><p>Yes. Linta Roofing is fully licensed and insured to operate in South Carolina.</p><h3>Do you handle insurance claims in Carolina Forest?</h3><p>Yes — we work directly with insurance carriers and adjusters to document and restore covered damage.</p>","<iframe src=""https://maps.google.com/maps?q=Carolina+Forest%2C+SC&z=12&output=embed"" width=""100%"" height=""450"" style=""border:0;"" allowfullscreen="""" loading=""lazy"" referrerpolicy=""no-referrer-when-downgrade"" title=""Map of Carolina Forest, SC""></iframe>","Metal Roofing","Carolina Forest"
"212391109551","metal-roofing-in-conway","2026-05-06 19:22:35","Metal Roofing in Conway","0","2026-05-08 16:20:34","Metal Roofing in Conway","Roof Replacement in Carolina Forest | Linta Roofing","Need a new metal roof in Conway? Get fast, professional metal roof installation with durable materials & insurance claim support. Free estimate available.","Metal Roofing in Conway, SC","<p>Metal Roofing in Conway requires more than standard expertise. Linta Roofing's local team understands the specific challenges Conway homes face — from coastal weather to neighborhood-specific architecture — and completes most metal roof installations within three to five days. From the first inspection to the final cleanup, every project is built to last.</p>","<h3>How long does metal roofing take in Conway?</h3><p>Linta Roofing typically completes most metal roof installations within three to five days. We'll confirm exact timing during your free inspection.</p><h3>Are you licensed in South Carolina?</h3><p>Yes. Linta Roofing is fully licensed and insured to operate in South Carolina.</p><h3>Do you handle insurance claims in Conway?</h3><p>Yes — we work directly with insurance carriers and adjusters to document and restore covered damage.</p>","<iframe src=""https://maps.google.com/maps?q=Conway%2C+SC&z=12&output=embed"" width=""100%"" height=""450"" style=""border:0;"" allowfullscreen="""" loading=""lazy"" referrerpolicy=""no-referrer-when-downgrade"" title=""Map of Conway, SC""></iframe>","Metal Roofing","Conway"
"212391109552","metal-roofing-in-north-myrtle-beach","2026-05-06 19:22:35","Metal Roofing in North Myrtle Beach","0","2026-05-08 16:20:34","Metal Roofing in North Myrtle Beach","Roof Replacement in Carolina Forest | Linta Roofing","Need metal roofing in North Myrtle Beach? Get fast, professional metal roofing with durable materials & insurance claim support. Free estimate available.","Metal Roofing in North Myrtle Beach, SC","<p>Metal Roofing in North Myrtle Beach requires more than standard expertise. Linta Roofing's local team understands the specific challenges North Myrtle Beach homes face — from coastal weather to neighborhood-specific architecture — and completes most metal roof installations within three to five days. From the first inspection to the final cleanup, every project is built to last.</p>","<h3>How long does metal roofing take in North Myrtle Beach?</h3><p>Linta Roofing typically completes most metal roof installations within three to five days. We'll confirm exact timing during your free inspection.</p><h3>Are you licensed in South Carolina?</h3><p>Yes. Linta Roofing is fully licensed and insured to operate in South Carolina.</p><h3>Do you handle insurance claims in North Myrtle Beach?</h3><p>Yes — we work directly with insurance carriers and adjusters to document and restore covered damage.</p>","<iframe src=""https://maps.google.com/maps?q=North+Myrtle+Beach%2C+SC&z=12&output=embed"" width=""100%"" height=""450"" style=""border:0;"" allowfullscreen="""" loading=""lazy"" referrerpolicy=""no-referrer-when-downgrade"" title=""Map of North Myrtle Beach, SC""></iframe>","Metal Roofing","North Myrtle Beach"
"212391109553","metal-roofing-in-little-river","2026-05-06 19:22:35","Metal Roofing in Little River","0","2026-05-08 16:20:34","Metal Roofing in Little River","Roof Replacement in Carolina Forest | Linta Roofing","Need a new metal roof in Little River? Get fast, professional metal roof installation with durable materials & insurance claim support. Free estimate available.","Metal Roofing in Little River, SC","<p>Metal Roofing in Little River requires more than standard expertise. Linta Roofing's local team understands the specific challenges Little River homes face — from coastal weather to neighborhood-specific architecture — and completes most metal roof installations within three to five days. From the first inspection to the final cleanup, every project is built to last.</p>","<h3>How long does metal roofing take in Little River?</h3><p>Linta Roofing typically completes most metal roof installations within three to five days. We'll confirm exact timing during your free inspection.</p><h3>Are you licensed in South Carolina?</h3><p>Yes. Linta Roofing is fully licensed and insured to operate in South Carolina.</p><h3>Do you handle insurance claims in Little River?</h3><p>Yes — we work directly with insurance carriers and adjusters to document and restore covered damage.</p>","<iframe src=""https://maps.google.com/maps?q=Little+River%2C+SC&z=12&output=embed"" width=""100%"" height=""450"" style=""border:0;"" allowfullscreen="""" loading=""lazy"" referrerpolicy=""no-referrer-when-downgrade"" title=""Map of Little River, SC""></iframe>","Metal Roofing","Little River"
"212391109554","metal-roofing-in-ocean-isle-beach","2026-05-06 19:22:35","Metal Roofing in Ocean Isle Beach","0","2026-05-08 16:20:34","Metal Roofing in Ocean Isle Beach","Roof Replacement in Carolina Forest | Linta Roofing","Need metal roofing in Ocean Isle Beach? Get fast, professional metal roof installation with durable materials & insurance claim support. Free estimate available.","Metal Roofing in Ocean Isle Beach, NC","<p>Metal Roofing in Ocean Isle Beach requires more than standard expertise. Linta Roofing's local team understands the specific challenges Ocean Isle Beach homes face — from coastal weather to neighborhood-specific architecture — and completes most metal roof installations within three to five days. From the first inspection to the final cleanup, every project is built to last.</p>","<h3>How long does metal roofing take in Ocean Isle Beach?</h3><p>Linta Roofing typically completes most metal roof installations within three to five days. We'll confirm exact timing during your free inspection.</p><h3>Are you licensed in North Carolina?</h3><p>Yes. Linta Roofing is fully licensed and insured to operate in North Carolina.</p><h3>Do you handle insurance claims in Ocean Isle Beach?</h3><p>Yes — we work directly with insurance carriers and adjusters to document and restore covered damage.</p>","<iframe src=""https://maps.google.com/maps?q=Ocean+Isle+Beach%2C+NC&z=12&output=embed"" width=""100%"" height=""450"" style=""border:0;"" allowfullscreen="""" loading=""lazy"" referrerpolicy=""no-referrer-when-downgrade"" title=""Map of Ocean Isle Beach, NC""></iframe>","Metal Roofing","Ocean Isle Beach"
"212391109555","metal-roofing-in-holden-beach","2026-05-06 19:22:35","Metal Roofing in Holden Beach","0","2026-05-08 19:59:24","Metal Roofing in Holden Beach","Roof Replacement in Carolina Forest | Linta Roofing","Need a metal roof in Holden Beach? Get fast, professional metal roofing with durable materials & insurance claim support. Free estimate available.","Metal Roofing in Holden Beach, NC","<p>Metal Roofing in Holden Beach requires more than standard expertise. Linta Roofing's local team understands the specific challenges Holden Beach homes face — from coastal weather to neighborhood-specific architecture — and completes most metal roof installations within three to five days. From the first inspection to the final cleanup, every project is built to last.</p>","<h3>How long does metal roofing take in Holden Beach?</h3><p>Linta Roofing typically completes most metal roof installations within three to five days. We'll confirm exact timing during your free inspection.</p><h3>Are you licensed in North Carolina?</h3><p>Yes. Linta Roofing is fully licensed and insured to operate in North Carolina.</p><h3>Do you handle insurance claims in Holden Beach?</h3><p>Yes — we work directly with insurance carriers and adjusters to document and restore covered damage.</p>","<iframe src=""https://maps.google.com/maps?q=Holden+Beach%2C+NC&z=12&output=embed"" width=""100%"" height=""450"" style=""border:0;"" allowfullscreen="""" loading=""lazy"" referrerpolicy=""no-referrer-when-downgrade"" title=""Map of Holden Beach, NC""></iframe>","Metal Roofing","Holden Beach"
"212391109556","metal-roofing-in-sunset-beach","2026-05-06 19:22:35","Metal Roofing in Sunset Beach","0","2026-05-08 16:20:34","Metal Roofing in Sunset Beach","Roof Replacement in Carolina Forest | Linta Roofing","Need a new roof in Sunset Beach? Get fast, professional metal roofing with durable materials & insurance claim support. Free estimate available.","Metal Roofing in Sunset Beach, NC","<p>Metal Roofing in Sunset Beach requires more than standard expertise. Linta Roofing's local team understands the specific challenges Sunset Beach homes face — from coastal weather to neighborhood-specific architecture — and completes most metal roof installations within three to five days. From the first inspection to the final cleanup, every project is built to last.</p>","<h3>How long does metal roofing take in Sunset Beach?</h3><p>Linta Roofing typically completes most metal roof installations within three to five days. We'll confirm exact timing during your free inspection.</p><h3>Are you licensed in North Carolina?</h3><p>Yes. Linta Roofing is fully licensed and insured to operate in North Carolina.</p><h3>Do you handle insurance claims in Sunset Beach?</h3><p>Yes — we work directly with insurance carriers and adjusters to document and restore covered damage.</p>","<iframe src=""https://maps.google.com/maps?q=Sunset+Beach%2C+NC&z=12&output=embed"" width=""100%"" height=""450"" style=""border:0;"" allowfullscreen="""" loading=""lazy"" referrerpolicy=""no-referrer-when-downgrade"" title=""Map of Sunset Beach, NC""></iframe>","Metal Roofing","Sunset Beach"
"212391109557","metal-roofing-in-oak-island","2026-05-06 19:22:35","Metal Roofing in Oak Island","0","2026-05-08 19:36:37","Metal Roofing in Oak Island","Roof Replacement in Carolina Forest | Linta Roofing","Need a new metal roof in Oak Island Beach? Get fast, professional metal roofing installation with durable materials & insurance claim support. Free estimate available.","Metal Roofing in Oak Island, NC","<p>Metal Roofing in Oak Island requires more than standard expertise. Linta Roofing's local team understands the specific challenges Oak Island homes face — from coastal weather to neighborhood-specific architecture — and completes most metal roof installations within three to five days. From the first inspection to the final cleanup, every project is built to last.</p>","<h3>How long does metal roofing take in Oak Island?</h3><p>Linta Roofing typically completes most metal roof installations within three to five days. We'll confirm exact timing during your free inspection.</p><h3>Are you licensed in North Carolina?</h3><p>Yes. Linta Roofing is fully licensed and insured to operate in North Carolina.</p><h3>Do you handle insurance claims in Oak Island?</h3><p>Yes — we work directly with insurance carriers and adjusters to document and restore covered damage.</p>","<iframe src=""https://maps.google.com/maps?q=Oak+Island%2C+NC&z=12&output=embed"" width=""100%"" height=""450"" style=""border:0;"" allowfullscreen="""" loading=""lazy"" referrerpolicy=""no-referrer-when-downgrade"" title=""Map of Oak Island, NC""></iframe>","Metal Roofing","Oak Island"
"212391109558","metal-roofing-in-caswell-beach","2026-05-06 19:22:35","Metal Roofing in Caswell Beach","0","2026-05-08 16:20:34","Metal Roofing in Caswell Beach","Roof Replacement in Carolina Forest | Linta Roofing","Need new metal roofing in Caswell Beach? Get fast, professional installation with durable, energy-efficient materials & insurance claim support. Free estimate available.","Metal Roofing in Caswell Beach, NC","<p>Metal Roofing in Caswell Beach requires more than standard expertise. Linta Roofing's local team understands the specific challenges Caswell Beach homes face — from coastal weather to neighborhood-specific architecture — and completes most metal roof installations within three to five days. From the first inspection to the final cleanup, every project is built to last.</p>","<h3>How long does metal roofing take in Caswell Beach?</h3><p>Linta Roofing typically completes most metal roof installations within three to five days. We'll confirm exact timing during your free inspection.</p><h3>Are you licensed in North Carolina?</h3><p>Yes. Linta Roofing is fully licensed and insured to operate in North Carolina.</p><h3>Do you handle insurance claims in Caswell Beach?</h3><p>Yes — we work directly with insurance carriers and adjusters to document and restore covered damage.</p>","<iframe src=""https://maps.google.com/maps?q=Caswell+Beach%2C+NC&z=12&output=embed"" width=""100%"" height=""450"" style=""border:0;"" allowfullscreen="""" loading=""lazy"" referrerpolicy=""no-referrer-when-downgrade"" title=""Map of Caswell Beach, NC""></iframe>","Metal Roofing","Caswell Beach"
"212391109559","metal-roofing-in-long-beach","2026-05-06 19:22:35","Metal Roofing in Long Beach","0","2026-05-08 16:20:34","Metal Roofing in Long Beach","Roof Replacement in Carolina Forest | Linta Roofing","Need a new metal roof in Long Beach? Get fast, professional metal roofing with durable materials & insurance claim support. Free estimate available.","Metal Roofing in Long Beach, NC","<p>Metal Roofing in Long Beach requires more than standard expertise. Linta Roofing's local team understands the specific challenges Long Beach homes face — from coastal weather to neighborhood-specific architecture — and completes most metal roof installations within three to five days. From the first inspection to the final cleanup, every project is built to last.</p>","<h3>How long does metal roofing take in Long Beach?</h3><p>Linta Roofing typically completes most metal roof installations within three to five days. We'll confirm exact timing during your free inspection.</p><h3>Are you licensed in North Carolina?</h3><p>Yes. Linta Roofing is fully licensed and insured to operate in North Carolina.</p><h3>Do you handle insurance claims in Long Beach?</h3><p>Yes — we work directly with insurance carriers and adjusters to document and restore covered damage.</p>","<iframe src=""https://maps.google.com/maps?q=Long+Beach%2C+NC&z=12&output=embed"" width=""100%"" height=""450"" style=""border:0;"" allowfullscreen="""" loading=""lazy"" referrerpolicy=""no-referrer-when-downgrade"" title=""Map of Long Beach, NC""></iframe>","Metal Roofing","Long Beach"
"212391109560","metal-roofing-in-brunswick-county","2026-05-06 19:22:35","Metal Roofing in Brunswick County","0","2026-05-08 16:20:34","Metal Roofing in Brunswick County","Roof Replacement in Carolina Forest | Linta Roofing","Need metal roofing in Brunswick County? Get fast, professional metal roof installation with durable materials & insurance claim support. Free estimate available.","Metal Roofing in Brunswick County, NC","<p>Metal Roofing across Brunswick County demands more than a one-size-fits-all approach. Linta Roofing's local team understands the range of homes and weather conditions across the county — from inland properties to oceanfront communities — and completes most metal roof installations within three to five days. From the first inspection to the final cleanup, every project is built to last.</p>","<h3>How long does metal roofing take in Brunswick County?</h3><p>Linta Roofing typically completes most metal roof installations within three to five days. We'll confirm exact timing during your free inspection.</p><h3>Are you licensed in North Carolina?</h3><p>Yes. Linta Roofing is fully licensed and insured to operate in North Carolina.</p><h3>Do you handle insurance claims in Brunswick County?</h3><p>Yes — we work directly with insurance carriers and adjusters to document and restore covered damage.</p>","<iframe src=""https://maps.google.com/maps?q=Brunswick+County%2C+NC&z=10&output=embed"" width=""100%"" height=""450"" style=""border:0;"" allowfullscreen="""" loading=""lazy"" referrerpolicy=""no-referrer-when-downgrade"" title=""Map of Brunswick County, NC""></iframe>","Metal Roofing","Brunswick County"
"212391109561","metal-roofing-in-columbus-county","2026-05-06 19:22:35","Metal Roofing in Columbus County","0","2026-05-08 16:20:34","Metal Roofing in Columbus County","Roof Replacement in Carolina Forest | Linta Roofing","Need a metal roof in Columbus County? Get fast, professional metal roofing with durable materials & insurance claim support. Free estimate available.","Metal Roofing in Columbus County, NC","<p>Metal Roofing across Columbus County demands more than a one-size-fits-all approach. Linta Roofing's local team understands the range of homes and weather conditions across the county — from inland properties to oceanfront communities — and completes most metal roof installations within three to five days. From the first inspection to the final cleanup, every project is built to last.</p>","<h3>How long does metal roofing take in Columbus County?</h3><p>Linta Roofing typically completes most metal roof installations within three to five days. We'll confirm exact timing during your free inspection.</p><h3>Are you licensed in North Carolina?</h3><p>Yes. Linta Roofing is fully licensed and insured to operate in North Carolina.</p><h3>Do you handle insurance claims in Columbus County?</h3><p>Yes — we work directly with insurance carriers and adjusters to document and restore covered damage.</p>","<iframe src=""https://maps.google.com/maps?q=Columbus+County%2C+NC&z=10&output=embed"" width=""100%"" height=""450"" style=""border:0;"" allowfullscreen="""" loading=""lazy"" referrerpolicy=""no-referrer-when-downgrade"" title=""Map of Columbus County, NC""></iframe>","Metal Roofing","Columbus County"
"212391109632","metal-roofing-in-georgetown-county","2026-05-06 19:22:35","Metal Roofing in Georgetown County","0","2026-05-08 16:20:34","Metal Roofing in Georgetown County","Roof Replacement in Carolina Forest | Linta Roofing","Looking for metal roofing in Georgetown County? Get fast, professional metal roof installation with durable materials & insurance claim support. Free estimate available.","Metal Roofing in Georgetown County, SC","<p>Metal Roofing across Georgetown County demands more than a one-size-fits-all approach. Linta Roofing's local team understands the range of homes and weather conditions across the county — from inland properties to oceanfront communities — and completes most metal roof installations within three to five days. From the first inspection to the final cleanup, every project is built to last.</p>","<h3>How long does metal roofing take in Georgetown County?</h3><p>Linta Roofing typically completes most metal roof installations within three to five days. We'll confirm exact timing during your free inspection.</p><h3>Are you licensed in South Carolina?</h3><p>Yes. Linta Roofing is fully licensed and insured to operate in South Carolina.</p><h3>Do you handle insurance claims in Georgetown County?</h3><p>Yes — we work directly with insurance carriers and adjusters to document and restore covered damage.</p>","<iframe src=""https://maps.google.com/maps?q=Georgetown+County%2C+SC&z=10&output=embed"" width=""100%"" height=""450"" style=""border:0;"" allowfullscreen="""" loading=""lazy"" referrerpolicy=""no-referrer-when-downgrade"" title=""Map of Georgetown County, SC""></iframe>","Metal Roofing","Georgetown County"
"212391109633","metal-roofing-in-georgetown","2026-05-06 19:22:35","Metal Roofing in Georgetown","0","2026-05-08 16:20:34","Metal Roofing in Georgetown","Roof Replacement in Carolina Forest | Linta Roofing","Need a new metal roof in Georgetown? Get fast, professional metal roofing installation with durable materials & insurance claim support. Free estimate available.","Metal Roofing in Georgetown, SC","<p>Metal Roofing in Georgetown requires more than standard expertise. Linta Roofing's local team understands the specific challenges Georgetown homes face — from coastal weather to neighborhood-specific architecture — and completes most metal roof installations within three to five days. From the first inspection to the final cleanup, every project is built to last.</p>","<h3>How long does metal roofing take in Georgetown?</h3><p>Linta Roofing typically completes most metal roof installations within three to five days. We'll confirm exact timing during your free inspection.</p><h3>Are you licensed in South Carolina?</h3><p>Yes. Linta Roofing is fully licensed and insured to operate in South Carolina.</p><h3>Do you handle insurance claims in Georgetown?</h3><p>Yes — we work directly with insurance carriers and adjusters to document and restore covered damage.</p>","<iframe src=""https://maps.google.com/maps?q=Georgetown%2C+SC&z=12&output=embed"" width=""100%"" height=""450"" style=""border:0;"" allowfullscreen="""" loading=""lazy"" referrerpolicy=""no-referrer-when-downgrade"" title=""Map of Georgetown, SC""></iframe>","Metal Roofing","Georgetown"
"212391109634","metal-roofing-in-marion-county","2026-05-06 19:22:35","Metal Roofing in Marion County","0","2026-05-08 16:20:34","Metal Roofing in Marion County","Roof Replacement in Carolina Forest | Linta Roofing","Need a new metal roof in Marion County? Get fast, professional metal roof replacement with durable materials & insurance claim support. Free estimate available.","Metal Roofing in Marion County, SC","<p>Metal Roofing across Marion County demands more than a one-size-fits-all approach. Linta Roofing's local team understands the range of homes and weather conditions across the county — from inland properties to oceanfront communities — and completes most metal roof installations within three to five days. From the first inspection to the final cleanup, every project is built to last.</p>","<h3>How long does metal roofing take in Marion County?</h3><p>Linta Roofing typically completes most metal roof installations within three to five days. We'll confirm exact timing during your free inspection.</p><h3>Are you licensed in South Carolina?</h3><p>Yes. Linta Roofing is fully licensed and insured to operate in South Carolina.</p><h3>Do you handle insurance claims in Marion County?</h3><p>Yes — we work directly with insurance carriers and adjusters to document and restore covered damage.</p>","<iframe src=""https://maps.google.com/maps?q=Marion+County%2C+SC&z=10&output=embed"" width=""100%"" height=""450"" style=""border:0;"" allowfullscreen="""" loading=""lazy"" referrerpolicy=""no-referrer-when-downgrade"" title=""Map of Marion County, SC""></iframe>","Metal Roofing","Marion County"
"212391109635","insurance-claim-in-myrtle-beach","2026-05-06 19:22:35","Insurance Claim in Myrtle Beach","0","2026-05-08 19:28:42","Insurance Claim in Myrtle Beach","Roof Replacement in Carolina Forest | Linta Roofing","Need help with an insurance claim in Myrtle Beach? Get fast, professional assistance with durable materials & expert support from Linta Roofing. Free estimate available.","Roof Insurance Claim Support in Myrtle Beach, SC","<p>Insurance Claim Assistance in Myrtle Beach requires more than standard expertise. Linta Roofing's local team understands the specific challenges Myrtle Beach homes face — from coastal weather to neighborhood-specific architecture — and schedules an adjuster meeting and provides documentation within the same week. From the first inspection to the final cleanup, every project is built to last.</p>","<h3>How long does insurance claim assistance take in Myrtle Beach?</h3><p>Linta Roofing typically schedules an adjuster meeting and provides documentation within the same week. We'll confirm exact timing during your free inspection.</p><h3>Are you licensed in South Carolina?</h3><p>Yes. Linta Roofing is fully licensed and insured to operate in South Carolina.</p><h3>Do you handle insurance claims in Myrtle Beach?</h3><p>Yes — we work directly with insurance carriers and adjusters to document and restore covered damage.</p>","<iframe src=""https://maps.google.com/maps?q=Myrtle+Beach%2C+SC&z=12&output=embed"" width=""100%"" height=""450"" style=""border:0;"" allowfullscreen="""" loading=""lazy"" referrerpolicy=""no-referrer-when-downgrade"" title=""Map of Myrtle Beach, SC""></iframe>","Insurance Claim","Myrtle Beach"
"212391109636","insurance-claim-in-surfside-beach","2026-05-06 19:22:35","Insurance Claim in Surfside Beach","0","2026-05-08 19:28:50","Insurance Claim in Surfside Beach","Roof Replacement in Carolina Forest | Linta Roofing","Dealing with a roofing insurance claim in Surfside Beach? Get fast, professional assistance with damage documentation and claim support to ensure your home is restored with durable materials. Free inspections available.","Roof Insurance Claim Support in Surfside Beach, SC","<p>Insurance Claim Assistance in Surfside Beach requires more than standard expertise. Linta Roofing's local team understands the specific challenges Surfside Beach homes face — from coastal weather to neighborhood-specific architecture — and schedules an adjuster meeting and provides documentation within the same week. From the first inspection to the final cleanup, every project is built to last.</p>","<h3>How long does insurance claim assistance take in Surfside Beach?</h3><p>Linta Roofing typically schedules an adjuster meeting and provides documentation within the same week. We'll confirm exact timing during your free inspection.</p><h3>Are you licensed in South Carolina?</h3><p>Yes. Linta Roofing is fully licensed and insured to operate in South Carolina.</p><h3>Do you handle insurance claims in Surfside Beach?</h3><p>Yes — we work directly with insurance carriers and adjusters to document and restore covered damage.</p>","<iframe src=""https://maps.google.com/maps?q=Surfside+Beach%2C+SC&z=12&output=embed"" width=""100%"" height=""450"" style=""border:0;"" allowfullscreen="""" loading=""lazy"" referrerpolicy=""no-referrer-when-downgrade"" title=""Map of Surfside Beach, SC""></iframe>","Insurance Claim","Surfside Beach"
"212391109637","insurance-claim-in-murrells-inlet","2026-05-06 19:22:35","Insurance Claim in Murrells Inlet","0","2026-05-08 19:28:57","Insurance Claim in Murrells Inlet","Roof Replacement in Carolina Forest | Linta Roofing","Need help with a roof insurance claim in Murrells Inlet? Get professional assistance with documentation and repairs to restore your home quickly. Free estimate available.","Roof Insurance Claim Support in Murrells Inlet, SC","<p>Insurance Claim Assistance in Murrells Inlet requires more than standard expertise. Linta Roofing's local team understands the specific challenges Murrells Inlet homes face — from coastal weather to neighborhood-specific architecture — and schedules an adjuster meeting and provides documentation within the same week. From the first inspection to the final cleanup, every project is built to last.</p>","<h3>How long does insurance claim assistance take in Murrells Inlet?</h3><p>Linta Roofing typically schedules an adjuster meeting and provides documentation within the same week. We'll confirm exact timing during your free inspection.</p><h3>Are you licensed in South Carolina?</h3><p>Yes. Linta Roofing is fully licensed and insured to operate in South Carolina.</p><h3>Do you handle insurance claims in Murrells Inlet?</h3><p>Yes — we work directly with insurance carriers and adjusters to document and restore covered damage.</p>","<iframe src=""https://maps.google.com/maps?q=Murrells+Inlet%2C+SC&z=12&output=embed"" width=""100%"" height=""450"" style=""border:0;"" allowfullscreen="""" loading=""lazy"" referrerpolicy=""no-referrer-when-downgrade"" title=""Map of Murrells Inlet, SC""></iframe>","Insurance Claim","Murrells Inlet"
"212391109638","insurance-claim-in-carolina-forest","2026-05-06 19:22:35","Insurance Claim in Carolina Forest","0","2026-05-08 19:29:03","Insurance Claim in Carolina Forest","Roof Replacement in Carolina Forest | Linta Roofing","Need assistance with an insurance claim in Carolina Forest? Get expert help from Linta Roofing for fast, professional roof replacement and claim support. Free estimate available.","Roof Insurance Claim Support in Carolina Forest, SC","<p>Insurance Claim Assistance in Carolina Forest requires more than standard expertise. Linta Roofing's local team understands the specific challenges Carolina Forest homes face — from coastal weather to neighborhood-specific architecture — and schedules an adjuster meeting and provides documentation within the same week. From the first inspection to the final cleanup, every project is built to last.</p>","<h3>How long does insurance claim assistance take in Carolina Forest?</h3><p>Linta Roofing typically schedules an adjuster meeting and provides documentation within the same week. We'll confirm exact timing during your free inspection.</p><h3>Are you licensed in South Carolina?</h3><p>Yes. Linta Roofing is fully licensed and insured to operate in South Carolina.</p><h3>Do you handle insurance claims in Carolina Forest?</h3><p>Yes — we work directly with insurance carriers and adjusters to document and restore covered damage.</p>","<iframe src=""https://maps.google.com/maps?q=Carolina+Forest%2C+SC&z=12&output=embed"" width=""100%"" height=""450"" style=""border:0;"" allowfullscreen="""" loading=""lazy"" referrerpolicy=""no-referrer-when-downgrade"" title=""Map of Carolina Forest, SC""></iframe>","Insurance Claim","Carolina Forest"
"212391109639","insurance-claim-in-conway","2026-05-06 19:22:35","Insurance Claim in Conway","0","2026-05-08 19:29:07","Insurance Claim in Conway","Roof Replacement in Carolina Forest | Linta Roofing","Navigating insurance claims for your roof in Conway? Linta Roofing provides expert assistance with documentation and repairs to ensure your home is protected. Free estimate available.","Roof Insurance Claim Support in Conway, SC","<p>Insurance Claim Assistance in Conway requires more than standard expertise. Linta Roofing's local team understands the specific challenges Conway homes face — from coastal weather to neighborhood-specific architecture — and schedules an adjuster meeting and provides documentation within the same week. From the first inspection to the final cleanup, every project is built to last.</p>","<h3>How long does insurance claim assistance take in Conway?</h3><p>Linta Roofing typically schedules an adjuster meeting and provides documentation within the same week. We'll confirm exact timing during your free inspection.</p><h3>Are you licensed in South Carolina?</h3><p>Yes. Linta Roofing is fully licensed and insured to operate in South Carolina.</p><h3>Do you handle insurance claims in Conway?</h3><p>Yes — we work directly with insurance carriers and adjusters to document and restore covered damage.</p>","<iframe src=""https://maps.google.com/maps?q=Conway%2C+SC&z=12&output=embed"" width=""100%"" height=""450"" style=""border:0;"" allowfullscreen="""" loading=""lazy"" referrerpolicy=""no-referrer-when-downgrade"" title=""Map of Conway, SC""></iframe>","Insurance Claim","Conway"
"212391109640","insurance-claim-in-north-myrtle-beach","2026-05-06 19:22:35","Insurance Claim in North Myrtle Beach","0","2026-05-08 19:29:12","Insurance Claim in North Myrtle Beach","Roof Replacement in Carolina Forest | Linta Roofing","Need help with a roof insurance claim in North Myrtle Beach? Get fast, professional assistance with documentation & expert support to ensure your home is protected. Free estimate available.","Roof Insurance Claim Support in North Myrtle Beach, SC","<p>Insurance Claim Assistance in North Myrtle Beach requires more than standard expertise. Linta Roofing's local team understands the specific challenges North Myrtle Beach homes face — from coastal weather to neighborhood-specific architecture — and schedules an adjuster meeting and provides documentation within the same week. From the first inspection to the final cleanup, every project is built to last.</p>","<h3>How long does insurance claim assistance take in North Myrtle Beach?</h3><p>Linta Roofing typically schedules an adjuster meeting and provides documentation within the same week. We'll confirm exact timing during your free inspection.</p><h3>Are you licensed in South Carolina?</h3><p>Yes. Linta Roofing is fully licensed and insured to operate in South Carolina.</p><h3>Do you handle insurance claims in North Myrtle Beach?</h3><p>Yes — we work directly with insurance carriers and adjusters to document and restore covered damage.</p>","<iframe src=""https://maps.google.com/maps?q=North+Myrtle+Beach%2C+SC&z=12&output=embed"" width=""100%"" height=""450"" style=""border:0;"" allowfullscreen="""" loading=""lazy"" referrerpolicy=""no-referrer-when-downgrade"" title=""Map of North Myrtle Beach, SC""></iframe>","Insurance Claim","North Myrtle Beach"
"212391109641","insurance-claim-in-little-river","2026-05-06 19:22:35","Insurance Claim in Little River","0","2026-05-08 19:29:16","Insurance Claim in Little River","Roof Replacement in Carolina Forest | Linta Roofing","Need help with an insurance claim in Little River? Get fast, professional roofing support with durable materials & expert insurance claim assistance. Free estimate available.","Roof Insurance Claim Support in Little River, SC","<p>Insurance Claim Assistance in Little River requires more than standard expertise. Linta Roofing's local team understands the specific challenges Little River homes face — from coastal weather to neighborhood-specific architecture — and schedules an adjuster meeting and provides documentation within the same week. From the first inspection to the final cleanup, every project is built to last.</p>","<h3>How long does insurance claim assistance take in Little River?</h3><p>Linta Roofing typically schedules an adjuster meeting and provides documentation within the same week. We'll confirm exact timing during your free inspection.</p><h3>Are you licensed in South Carolina?</h3><p>Yes. Linta Roofing is fully licensed and insured to operate in South Carolina.</p><h3>Do you handle insurance claims in Little River?</h3><p>Yes — we work directly with insurance carriers and adjusters to document and restore covered damage.</p>","<iframe src=""https://maps.google.com/maps?q=Little+River%2C+SC&z=12&output=embed"" width=""100%"" height=""450"" style=""border:0;"" allowfullscreen="""" loading=""lazy"" referrerpolicy=""no-referrer-when-downgrade"" title=""Map of Little River, SC""></iframe>","Insurance Claim","Little River"
"212391109642","insurance-claim-in-ocean-isle-beach","2026-05-06 19:22:35","Insurance Claim in Ocean Isle Beach","0","2026-05-08 19:29:22","Insurance Claim in Ocean Isle Beach","Roof Replacement in Carolina Forest | Linta Roofing","Need an insurance claim for your roof in Ocean Isle Beach? Get fast, professional insurance claim support with thorough documentation and expert restoration. Free estimate available.","Roof Insurance Claim Support in Ocean Isle Beach, NC","<p>Insurance Claim Assistance in Ocean Isle Beach requires more than standard expertise. Linta Roofing's local team understands the specific challenges Ocean Isle Beach homes face — from coastal weather to neighborhood-specific architecture — and schedules an adjuster meeting and provides documentation within the same week. From the first inspection to the final cleanup, every project is built to last.</p>","<h3>How long does insurance claim assistance take in Ocean Isle Beach?</h3><p>Linta Roofing typically schedules an adjuster meeting and provides documentation within the same week. We'll confirm exact timing during your free inspection.</p><h3>Are you licensed in North Carolina?</h3><p>Yes. Linta Roofing is fully licensed and insured to operate in North Carolina.</p><h3>Do you handle insurance claims in Ocean Isle Beach?</h3><p>Yes — we work directly with insurance carriers and adjusters to document and restore covered damage.</p>","<iframe src=""https://maps.google.com/maps?q=Ocean+Isle+Beach%2C+NC&z=12&output=embed"" width=""100%"" height=""450"" style=""border:0;"" allowfullscreen="""" loading=""lazy"" referrerpolicy=""no-referrer-when-downgrade"" title=""Map of Ocean Isle Beach, NC""></iframe>","Insurance Claim","Ocean Isle Beach"
"212391109643","insurance-claim-in-holden-beach","2026-05-06 19:22:35","Insurance Claim in Holden Beach","0","2026-05-08 19:29:28","Insurance Claim in Holden Beach","Roof Replacement in Carolina Forest | Linta Roofing","Need help with an insurance claim in Holden Beach? Get fast, professional roof replacement with durable materials & insurance claim support. Free estimate available.","Roof Insurance Claim Support in Holden Beach, NC","<p>Insurance Claim Assistance in Holden Beach requires more than standard expertise. Linta Roofing's local team understands the specific challenges Holden Beach homes face — from coastal weather to neighborhood-specific architecture — and schedules an adjuster meeting and provides documentation within the same week. From the first inspection to the final cleanup, every project is built to last.</p>","<h3>How long does insurance claim assistance take in Holden Beach?</h3><p>Linta Roofing typically schedules an adjuster meeting and provides documentation within the same week. We'll confirm exact timing during your free inspection.</p><h3>Are you licensed in North Carolina?</h3><p>Yes. Linta Roofing is fully licensed and insured to operate in North Carolina.</p><h3>Do you handle insurance claims in Holden Beach?</h3><p>Yes — we work directly with insurance carriers and adjusters to document and restore covered damage.</p>","<iframe src=""https://maps.google.com/maps?q=Holden+Beach%2C+NC&z=12&output=embed"" width=""100%"" height=""450"" style=""border:0;"" allowfullscreen="""" loading=""lazy"" referrerpolicy=""no-referrer-when-downgrade"" title=""Map of Holden Beach, NC""></iframe>","Insurance Claim","Holden Beach"
"212391109644","insurance-claim-in-sunset-beach","2026-05-06 19:22:35","Insurance Claim in Sunset Beach","0","2026-05-08 19:29:33","Insurance Claim in Sunset Beach","Roof Replacement in Carolina Forest | Linta Roofing","Need help with a roofing insurance claim in Sunset Beach? Get expert support for storm damage restoration with professional documentation and direct insurance coordination. Free inspections available.","Roof Insurance Claim Support in Sunset Beach, NC","<p>Insurance Claim Assistance in Sunset Beach requires more than standard expertise. Linta Roofing's local team understands the specific challenges Sunset Beach homes face — from coastal weather to neighborhood-specific architecture — and schedules an adjuster meeting and provides documentation within the same week. From the first inspection to the final cleanup, every project is built to last.</p>","<h3>How long does insurance claim assistance take in Sunset Beach?</h3><p>Linta Roofing typically schedules an adjuster meeting and provides documentation within the same week. We'll confirm exact timing during your free inspection.</p><h3>Are you licensed in North Carolina?</h3><p>Yes. Linta Roofing is fully licensed and insured to operate in North Carolina.</p><h3>Do you handle insurance claims in Sunset Beach?</h3><p>Yes — we work directly with insurance carriers and adjusters to document and restore covered damage.</p>","<iframe src=""https://maps.google.com/maps?q=Sunset+Beach%2C+NC&z=12&output=embed"" width=""100%"" height=""450"" style=""border:0;"" allowfullscreen="""" loading=""lazy"" referrerpolicy=""no-referrer-when-downgrade"" title=""Map of Sunset Beach, NC""></iframe>","Insurance Claim","Sunset Beach"
"212391109645","insurance-claim-in-oak-island","2026-05-06 19:22:35","Insurance Claim in Oak Island","0","2026-05-08 19:36:50","Insurance Claim in Oak Island","Roof Replacement in Carolina Forest | Linta Roofing","Need help with a roofing insurance claim in Oak Island Beach? Get fast, professional assistance with durable materials and insurance claim support. Free estimate available.","Roof Insurance Claim Support in Oak Island, NC","<p>Insurance Claim Assistance in Oak Island requires more than standard expertise. Linta Roofing's local team understands the specific challenges Oak Island homes face — from coastal weather to neighborhood-specific architecture — and schedules an adjuster meeting and provides documentation within the same week. From the first inspection to the final cleanup, every project is built to last.</p>","<h3>How long does insurance claim assistance take in Oak Island?</h3><p>Linta Roofing typically schedules an adjuster meeting and provides documentation within the same week. We'll confirm exact timing during your free inspection.</p><h3>Are you licensed in North Carolina?</h3><p>Yes. Linta Roofing is fully licensed and insured to operate in North Carolina.</p><h3>Do you handle insurance claims in Oak Island?</h3><p>Yes — we work directly with insurance carriers and adjusters to document and restore covered damage.</p>","<iframe src=""https://maps.google.com/maps?q=Oak+Island%2C+NC&z=12&output=embed"" width=""100%"" height=""450"" style=""border:0;"" allowfullscreen="""" loading=""lazy"" referrerpolicy=""no-referrer-when-downgrade"" title=""Map of Oak Island, NC""></iframe>","Insurance Claim","Oak Island"
"212391109646","insurance-claim-in-caswell-beach","2026-05-06 19:22:35","Insurance Claim in Caswell Beach","0","2026-05-08 19:29:58","Insurance Claim in Caswell Beach","Roof Replacement in Carolina Forest | Linta Roofing","Need help with an insurance claim in Caswell Beach? Get fast, professional roofing support with durable materials and expert insurance claim assistance. Free estimate available.","Roof Insurance Claim Support in Caswell Beach, NC","<p>Insurance Claim Assistance in Caswell Beach requires more than standard expertise. Linta Roofing's local team understands the specific challenges Caswell Beach homes face — from coastal weather to neighborhood-specific architecture — and schedules an adjuster meeting and provides documentation within the same week. From the first inspection to the final cleanup, every project is built to last.</p>","<h3>How long does insurance claim assistance take in Caswell Beach?</h3><p>Linta Roofing typically schedules an adjuster meeting and provides documentation within the same week. We'll confirm exact timing during your free inspection.</p><h3>Are you licensed in North Carolina?</h3><p>Yes. Linta Roofing is fully licensed and insured to operate in North Carolina.</p><h3>Do you handle insurance claims in Caswell Beach?</h3><p>Yes — we work directly with insurance carriers and adjusters to document and restore covered damage.</p>","<iframe src=""https://maps.google.com/maps?q=Caswell+Beach%2C+NC&z=12&output=embed"" width=""100%"" height=""450"" style=""border:0;"" allowfullscreen="""" loading=""lazy"" referrerpolicy=""no-referrer-when-downgrade"" title=""Map of Caswell Beach, NC""></iframe>","Insurance Claim","Caswell Beach"
"212391109647","insurance-claim-in-long-beach","2026-05-06 19:22:35","Insurance Claim in Long Beach","0","2026-05-08 19:30:03","Insurance Claim in Long Beach","Roof Replacement in Carolina Forest | Linta Roofing","Need help with an insurance claim for your roof in Long Beach? Get fast, professional assistance with damage documentation & insurance claim support. Free estimate available.","Roof Insurance Claim Support in Long Beach, NC","<p>Insurance Claim Assistance in Long Beach requires more than standard expertise. Linta Roofing's local team understands the specific challenges Long Beach homes face — from coastal weather to neighborhood-specific architecture — and schedules an adjuster meeting and provides documentation within the same week. From the first inspection to the final cleanup, every project is built to last.</p>","<h3>How long does insurance claim assistance take in Long Beach?</h3><p>Linta Roofing typically schedules an adjuster meeting and provides documentation within the same week. We'll confirm exact timing during your free inspection.</p><h3>Are you licensed in North Carolina?</h3><p>Yes. Linta Roofing is fully licensed and insured to operate in North Carolina.</p><h3>Do you handle insurance claims in Long Beach?</h3><p>Yes — we work directly with insurance carriers and adjusters to document and restore covered damage.</p>","<iframe src=""https://maps.google.com/maps?q=Long+Beach%2C+NC&z=12&output=embed"" width=""100%"" height=""450"" style=""border:0;"" allowfullscreen="""" loading=""lazy"" referrerpolicy=""no-referrer-when-downgrade"" title=""Map of Long Beach, NC""></iframe>","Insurance Claim","Long Beach"
"212391109648","insurance-claim-in-brunswick-county","2026-05-06 19:22:35","Insurance Claim in Brunswick County","0","2026-05-08 19:30:12","Insurance Claim in Brunswick County","Roof Replacement in Carolina Forest | Linta Roofing","Need assistance with an insurance claim in Brunswick County? Get fast, professional roofing services with durable materials & insurance claim support. Free estimate available.","Roof Insurance Claim Support in Brunswick County, NC","<p>Insurance Claim Assistance across Brunswick County demands more than a one-size-fits-all approach. Linta Roofing's local team understands the range of homes and weather conditions across the county — from inland properties to oceanfront communities — and schedules an adjuster meeting and provides documentation within the same week. From the first inspection to the final cleanup, every project is built to last.</p>","<h3>How long does insurance claim assistance take in Brunswick County?</h3><p>Linta Roofing typically schedules an adjuster meeting and provides documentation within the same week. We'll confirm exact timing during your free inspection.</p><h3>Are you licensed in North Carolina?</h3><p>Yes. Linta Roofing is fully licensed and insured to operate in North Carolina.</p><h3>Do you handle insurance claims in Brunswick County?</h3><p>Yes — we work directly with insurance carriers and adjusters to document and restore covered damage.</p>","<iframe src=""https://maps.google.com/maps?q=Brunswick+County%2C+NC&z=10&output=embed"" width=""100%"" height=""450"" style=""border:0;"" allowfullscreen="""" loading=""lazy"" referrerpolicy=""no-referrer-when-downgrade"" title=""Map of Brunswick County, NC""></iframe>","Insurance Claim","Brunswick County"
"212391109649","insurance-claim-in-columbus-county","2026-05-06 19:22:35","Insurance Claim in Columbus County","0","2026-05-08 19:30:21","Insurance Claim in Columbus County","Roof Replacement in Carolina Forest | Linta Roofing","Need help with an insurance claim in Columbus County? Get fast, professional insurance claim support with expert documentation & roofing restoration assistance. Free estimate available.","Roof Insurance Claim Support in Columbus County, NC","<p>Insurance Claim Assistance across Columbus County demands more than a one-size-fits-all approach. Linta Roofing's local team understands the range of homes and weather conditions across the county — from inland properties to oceanfront communities — and schedules an adjuster meeting and provides documentation within the same week. From the first inspection to the final cleanup, every project is built to last.</p>","<h3>How long does insurance claim assistance take in Columbus County?</h3><p>Linta Roofing typically schedules an adjuster meeting and provides documentation within the same week. We'll confirm exact timing during your free inspection.</p><h3>Are you licensed in North Carolina?</h3><p>Yes. Linta Roofing is fully licensed and insured to operate in North Carolina.</p><h3>Do you handle insurance claims in Columbus County?</h3><p>Yes — we work directly with insurance carriers and adjusters to document and restore covered damage.</p>","<iframe src=""https://maps.google.com/maps?q=Columbus+County%2C+NC&z=10&output=embed"" width=""100%"" height=""450"" style=""border:0;"" allowfullscreen="""" loading=""lazy"" referrerpolicy=""no-referrer-when-downgrade"" title=""Map of Columbus County, NC""></iframe>","Insurance Claim","Columbus County"
"212391109650","insurance-claim-in-georgetown-county","2026-05-06 19:22:35","Insurance Claim in Georgetown County","0","2026-05-08 19:30:31","Insurance Claim in Georgetown County","Roof Replacement in Carolina Forest | Linta Roofing","Need help with an insurance claim in Georgetown County? Get fast, professional insurance claim support with expert documentation & roofing restoration. Free estimate available.","Roof Insurance Claim Support in Georgetown County, SC","<p>Insurance Claim Assistance across Georgetown County demands more than a one-size-fits-all approach. Linta Roofing's local team understands the range of homes and weather conditions across the county — from inland properties to oceanfront communities — and schedules an adjuster meeting and provides documentation within the same week. From the first inspection to the final cleanup, every project is built to last.</p>","<h3>How long does insurance claim assistance take in Georgetown County?</h3><p>Linta Roofing typically schedules an adjuster meeting and provides documentation within the same week. We'll confirm exact timing during your free inspection.</p><h3>Are you licensed in South Carolina?</h3><p>Yes. Linta Roofing is fully licensed and insured to operate in South Carolina.</p><h3>Do you handle insurance claims in Georgetown County?</h3><p>Yes — we work directly with insurance carriers and adjusters to document and restore covered damage.</p>","<iframe src=""https://maps.google.com/maps?q=Georgetown+County%2C+SC&z=10&output=embed"" width=""100%"" height=""450"" style=""border:0;"" allowfullscreen="""" loading=""lazy"" referrerpolicy=""no-referrer-when-downgrade"" title=""Map of Georgetown County, SC""></iframe>","Insurance Claim","Georgetown County"
"212391109651","insurance-claim-in-georgetown","2026-05-06 19:22:35","Insurance Claim in Georgetown","0","2026-05-08 19:30:35","Insurance Claim in Georgetown","Roof Replacement in Carolina Forest | Linta Roofing","Need help with your insurance claim in Georgetown? Get fast, professional assistance with durable materials & insurance claim support. Free estimate available.","Roof Insurance Claim Support in Georgetown, SC","<p>Insurance Claim Assistance in Georgetown requires more than standard expertise. Linta Roofing's local team understands the specific challenges Georgetown homes face — from coastal weather to neighborhood-specific architecture — and schedules an adjuster meeting and provides documentation within the same week. From the first inspection to the final cleanup, every project is built to last.</p>","<h3>How long does insurance claim assistance take in Georgetown?</h3><p>Linta Roofing typically schedules an adjuster meeting and provides documentation within the same week. We'll confirm exact timing during your free inspection.</p><h3>Are you licensed in South Carolina?</h3><p>Yes. Linta Roofing is fully licensed and insured to operate in South Carolina.</p><h3>Do you handle insurance claims in Georgetown?</h3><p>Yes — we work directly with insurance carriers and adjusters to document and restore covered damage.</p>","<iframe src=""https://maps.google.com/maps?q=Georgetown%2C+SC&z=12&output=embed"" width=""100%"" height=""450"" style=""border:0;"" allowfullscreen="""" loading=""lazy"" referrerpolicy=""no-referrer-when-downgrade"" title=""Map of Georgetown, SC""></iframe>","Insurance Claim","Georgetown"
"212391109652","insurance-claim-in-marion-county","2026-05-06 19:22:35","Insurance Claim in Marion County","0","2026-05-08 19:30:40","Insurance Claim in Marion County","Roof Replacement in Carolina Forest | Linta Roofing","Need help with an insurance claim in Marion County? Get fast, professional assistance with durable materials & expert support. Free estimate available.","Roof Insurance Claim Support in Marion County, SC","<p>Insurance Claim Assistance across Marion County demands more than a one-size-fits-all approach. Linta Roofing's local team understands the range of homes and weather conditions across the county — from inland properties to oceanfront communities — and schedules an adjuster meeting and provides documentation within the same week. From the first inspection to the final cleanup, every project is built to last.</p>","<h3>How long does insurance claim assistance take in Marion County?</h3><p>Linta Roofing typically schedules an adjuster meeting and provides documentation within the same week. We'll confirm exact timing during your free inspection.</p><h3>Are you licensed in South Carolina?</h3><p>Yes. Linta Roofing is fully licensed and insured to operate in South Carolina.</p><h3>Do you handle insurance claims in Marion County?</h3><p>Yes — we work directly with insurance carriers and adjusters to document and restore covered damage.</p>","<iframe src=""https://maps.google.com/maps?q=Marion+County%2C+SC&z=10&output=embed"" width=""100%"" height=""450"" style=""border:0;"" allowfullscreen="""" loading=""lazy"" referrerpolicy=""no-referrer-when-downgrade"" title=""Map of Marion County, SC""></iframe>","Insurance Claim","Marion County"
